<?xml version="1.0" encoding="UTF-8"?>
<kml xmlns="http://www.opengis.net/kml/2.2">
  <Document>
    <name>一万城会衆区域</name>
    <description/>
    <Style id="poly-507FFF-2000-125-normal">
      <LineStyle>
        <color>ffff7f50</color>
        <width>2</width>
      </LineStyle>
      <PolyStyle>
        <color>7dff7f50</color>
        <fill>1</fill>
        <outline>1</outline>
      </PolyStyle>
    </Style>
    <Style id="poly-507FFF-2000-125-highlight">
      <LineStyle>
        <color>ffff7f50</color>
        <width>3</width>
      </LineStyle>
      <PolyStyle>
        <color>7dff7f50</color>
        <fill>1</fill>
        <outline>1</outline>
      </PolyStyle>
    </Style>
    <StyleMap id="poly-507FFF-2000-125">
      <Pair>
        <key>normal</key>
        <styleUrl>#poly-507FFF-2000-125-normal</styleUrl>
      </Pair>
      <Pair>
        <key>highlight</key>
        <styleUrl>#poly-507FFF-2000-125-highlight</styleUrl>
      </Pair>
    </StyleMap>
    <Style id="poly-5599FF-2000-125-normal">
      <LineStyle>
        <color>ffff9955</color>
        <width>2</width>
      </LineStyle>
      <PolyStyle>
        <color>7dff9955</color>
        <fill>1</fill>
        <outline>1</outline>
      </PolyStyle>
    </Style>
    <Style id="poly-5599FF-2000-125-highlight">
      <LineStyle>
        <color>ffff9955</color>
        <width>3</width>
      </LineStyle>
      <PolyStyle>
        <color>7dff9955</color>
        <fill>1</fill>
        <outline>1</outline>
      </PolyStyle>
    </Style>
    <StyleMap id="poly-5599FF-2000-125">
      <Pair>
        <key>normal</key>
        <styleUrl>#poly-5599FF-2000-125-normal</styleUrl>
      </Pair>
      <Pair>
        <key>highlight</key>
        <styleUrl>#poly-5599FF-2000-125-highlight</styleUrl>
      </Pair>
    </StyleMap>
    <Style id="poly-7AB955-2000-125-normal">
      <LineStyle>
        <color>ff55b97a</color>
        <width>2</width>
      </LineStyle>
      <PolyStyle>
        <color>7d55b97a</color>
        <fill>1</fill>
        <outline>1</outline>
      </PolyStyle>
    </Style>
    <Style id="poly-7AB955-2000-125-highlight">
      <LineStyle>
        <color>ff55b97a</color>
        <width>3</width>
      </LineStyle>
      <PolyStyle>
        <color>7d55b97a</color>
        <fill>1</fill>
        <outline>1</outline>
      </PolyStyle>
    </Style>
    <StyleMap id="poly-7AB955-2000-125">
      <Pair>
        <key>normal</key>
        <styleUrl>#poly-7AB955-2000-125-normal</styleUrl>
      </Pair>
      <Pair>
        <key>highlight</key>
        <styleUrl>#poly-7AB955-2000-125-highlight</styleUrl>
      </Pair>
    </StyleMap>
    <Style id="poly-FFA54E-2000-125-normal">
      <LineStyle>
        <color>ff4ea5ff</color>
        <width>2</width>
      </LineStyle>
      <PolyStyle>
        <color>7d4ea5ff</color>
        <fill>1</fill>
        <outline>1</outline>
      </PolyStyle>
    </Style>
    <Style id="poly-FFA54E-2000-125-highlight">
      <LineStyle>
        <color>ff4ea5ff</color>
        <width>3</width>
      </LineStyle>
      <PolyStyle>
        <color>7d4ea5ff</color>
        <fill>1</fill>
        <outline>1</outline>
      </PolyStyle>
    </Style>
    <StyleMap id="poly-FFA54E-2000-125">
      <Pair>
        <key>normal</key>
        <styleUrl>#poly-FFA54E-2000-125-normal</styleUrl>
      </Pair>
      <Pair>
        <key>highlight</key>
        <styleUrl>#poly-FFA54E-2000-125-highlight</styleUrl>
      </Pair>
    </StyleMap>
    <Folder>
      <name>無題のレイヤ</name>
    </Folder>
    <Folder>
      <name>一万城区域 東側・田舎統合候補版v8</name>
      <Placemark>
        <name>M001｜元区画2 3</name>
        <description><![CDATA[元区画: 2 3<br>統合方法: merged_adjacent_pair<br>紙地図の既存境界を保持]]></description>
        <styleUrl>#poly-FFA54E-2000-125</styleUrl>
        <Polygon>
          <outerBoundaryIs>
            <LinearRing>
              <tessellate>1</tessellate>
              <coordinates>
                131.062698,31.737167,0
                131.063069,31.736854,0
                131.063716,31.736776,0
                131.063441,31.735762,0
                131.065568,31.735291,0
                131.066123,31.735524,0
                131.066399,31.735992,0
                131.06797,31.736459,0
                131.067969,31.736693,0
                131.065935,31.736929,0
                131.065842,31.737163,0
                131.06538,31.737086,0
                131.065287,31.73732,0
                131.063992,31.737712,0
                131.063991,31.738024,0
                131.063436,31.738103,0
                131.062698,31.737167,0
              </coordinates>
            </LinearRing>
          </outerBoundaryIs>
        </Polygon>
      </Placemark>
      <Placemark>
        <name>M002｜元区画1 4</name>
        <description><![CDATA[元区画: 1 4<br>統合方法: merged_adjacent_pair<br>紙地図の既存境界を保持]]></description>
        <styleUrl>#poly-7AB955-2000-125</styleUrl>
        <Polygon>
          <outerBoundaryIs>
            <LinearRing>
              <tessellate>1</tessellate>
              <coordinates>
                131.059093,31.736937,0
                131.060299,31.734907,0
                131.062058,31.73389,0
                131.063072,31.735138,0
                131.063717,31.736542,0
                131.063624,31.736854,0
                131.063069,31.736854,0
                131.062699,31.737089,0
                131.063344,31.738181,0
                131.062696,31.738494,0
                131.062695,31.738728,0
                131.062326,31.738728,0
                131.062141,31.738572,0
                131.062142,31.738026,0
                131.061957,31.738026,0
                131.061865,31.737714,0
                131.061495,31.737715,0
                131.061496,31.737481,0
                131.060941,31.737481,0
                131.060942,31.737247,0
                131.060572,31.737091,0
                131.059093,31.736937,0
              </coordinates>
            </LinearRing>
          </outerBoundaryIs>
        </Polygon>
      </Placemark>
      <Placemark>
        <name>M003｜元区画7</name>
        <description><![CDATA[元区画: 7<br>統合方法: retained_single_cell<br>紙地図の既存境界を保持]]></description>
        <styleUrl>#poly-5599FF-2000-125</styleUrl>
        <Polygon>
          <outerBoundaryIs>
            <LinearRing>
              <tessellate>1</tessellate>
              <coordinates>
                131.068897,31.735365,0
                131.068898,31.734897,0
                131.069268,31.734819,0
                131.074539,31.734344,0
                131.07472,31.736295,0
                131.070096,31.736534,0
                131.069541,31.736769,0
                131.069541,31.736613,0
                131.069079,31.736614,0
                131.068897,31.735365,0
              </coordinates>
            </LinearRing>
          </outerBoundaryIs>
        </Polygon>
      </Placemark>
      <Placemark>
        <name>M004｜元区画5</name>
        <description><![CDATA[元区画: 5<br>統合方法: retained_single_cell<br>紙地図の既存境界を保持]]></description>
        <styleUrl>#poly-507FFF-2000-125</styleUrl>
        <Polygon>
          <outerBoundaryIs>
            <LinearRing>
              <tessellate>1</tessellate>
              <coordinates>
                131.056228,31.736238,0
                131.05623,31.735536,0
                131.058545,31.73366,0
                131.058825,31.732412,0
                131.060577,31.734516,0
                131.059186,31.736859,0
                131.057152,31.736783,0
                131.056598,31.736238,0
                131.056228,31.736238,0
              </coordinates>
            </LinearRing>
          </outerBoundaryIs>
        </Polygon>
      </Placemark>
      <Placemark>
        <name>M005｜元区画6 10</name>
        <description><![CDATA[元区画: 6 10<br>統合方法: merged_adjacent_pair<br>紙地図の既存境界を保持]]></description>
        <styleUrl>#poly-FFA54E-2000-125</styleUrl>
        <Polygon>
          <outerBoundaryIs>
            <LinearRing>
              <tessellate>1</tessellate>
              <coordinates>
                131.064369,31.733966,0
                131.065203,31.733185,0
                131.066683,31.732637,0
                131.066958,31.733651,0
                131.066957,31.734353,0
                131.066679,31.734509,0
                131.066771,31.734899,0
                131.066955,31.735133,0
                131.067325,31.735133,0
                131.068898,31.734897,0
                131.069079,31.736614,0
                131.067969,31.736693,0
                131.06797,31.736459,0
                131.066399,31.735992,0
                131.066123,31.735524,0
                131.064369,31.733966,0
              </coordinates>
            </LinearRing>
          </outerBoundaryIs>
        </Polygon>
      </Placemark>
      <Placemark>
        <name>M006｜元区画8 13</name>
        <description><![CDATA[元区画: 8 13<br>統合方法: merged_adjacent_pair<br>紙地図の既存境界を保持]]></description>
        <styleUrl>#poly-7AB955-2000-125</styleUrl>
        <Polygon>
          <outerBoundaryIs>
            <LinearRing>
              <tessellate>1</tessellate>
              <coordinates>
                131.062058,31.733968,0
                131.062243,31.733656,0
                131.063446,31.733031,0
                131.065753,31.735291,0
                131.063348,31.735762,0
                131.063072,31.735138,0
                131.062058,31.733968,0
              </coordinates>
            </LinearRing>
          </outerBoundaryIs>
        </Polygon>
      </Placemark>
      <Placemark>
        <name>M007｜元区画12 14</name>
        <description><![CDATA[元区画: 12 14<br>統合方法: merged_adjacent_pair<br>紙地図の既存境界を保持]]></description>
        <styleUrl>#poly-5599FF-2000-125</styleUrl>
        <Polygon>
          <outerBoundaryIs>
            <LinearRing>
              <tessellate>1</tessellate>
              <coordinates>
                131.068622,31.733727,0
                131.068623,31.733259,0
                131.07038,31.733101,0
                131.070289,31.732476,0
                131.070474,31.732476,0
                131.07149,31.732943,0
                131.071764,31.734582,0
                131.068898,31.734897,0
                131.068622,31.733727,0
              </coordinates>
            </LinearRing>
          </outerBoundaryIs>
        </Polygon>
      </Placemark>
      <Placemark>
        <name>M008｜元区画15 17</name>
        <description><![CDATA[元区画: 15 17<br>統合方法: merged_adjacent_pair<br>紙地図の既存境界を保持]]></description>
        <styleUrl>#poly-507FFF-2000-125</styleUrl>
        <Polygon>
          <outerBoundaryIs>
            <LinearRing>
              <tessellate>1</tessellate>
              <coordinates>
                131.059655,31.733425,0
                131.060211,31.732722,0
                131.060304,31.732254,0
                131.060859,31.732409,0
                131.061135,31.732877,0
                131.06132,31.732877,0
                131.062616,31.732173,0
                131.063354,31.732953,0
                131.063354,31.733109,0
                131.060669,31.734672,0
                131.059655,31.733425,0
              </coordinates>
            </LinearRing>
          </outerBoundaryIs>
        </Polygon>
      </Placemark>
      <Placemark>
        <name>M009｜元区画11 19</name>
        <description><![CDATA[元区画: 11 19<br>統合方法: merged_adjacent_pair<br>紙地図の既存境界を保持]]></description>
        <styleUrl>#poly-FFA54E-2000-125</styleUrl>
        <Polygon>
          <outerBoundaryIs>
            <LinearRing>
              <tessellate>1</tessellate>
              <coordinates>
                131.066679,31.734744,0
                131.066679,31.734509,0
                131.066957,31.734353,0
                131.066958,31.733651,0
                131.066683,31.732559,0
                131.067516,31.732402,0
                131.067334,31.730919,0
                131.067888,31.730919,0
                131.068258,31.73123,0
                131.068898,31.734897,0
                131.066955,31.735133,0
                131.066679,31.734744,0
              </coordinates>
            </LinearRing>
          </outerBoundaryIs>
        </Polygon>
      </Placemark>
      <Placemark>
        <name>M010｜元区画16 26</name>
        <description><![CDATA[元区画: 16 26<br>統合方法: merged_adjacent_pair<br>紙地図の既存境界を保持]]></description>
        <styleUrl>#poly-7AB955-2000-125</styleUrl>
        <Polygon>
          <outerBoundaryIs>
            <LinearRing>
              <tessellate>1</tessellate>
              <coordinates>
                131.07149,31.733255,0
                131.07149,31.733021,0
                131.072785,31.732864,0
                131.071955,31.731538,0
                131.071867,31.729588,0
                131.073994,31.729351,0
                131.074082,31.731302,0
                131.074359,31.73177,0
                131.074174,31.731848,0
                131.074263,31.73333,0
                131.074539,31.734344,0
                131.071764,31.734582,0
                131.07149,31.733255,0
              </coordinates>
            </LinearRing>
          </outerBoundaryIs>
        </Polygon>
      </Placemark>
      <Placemark>
        <name>M011｜元区画18 25</name>
        <description><![CDATA[元区画: 18 25<br>統合方法: merged_adjacent_pair<br>紙地図の既存境界を保持]]></description>
        <styleUrl>#poly-5599FF-2000-125</styleUrl>
        <Polygon>
          <outerBoundaryIs>
            <LinearRing>
              <tessellate>1</tessellate>
              <coordinates>
                131.060397,31.732254,0
                131.061231,31.730926,0
                131.062711,31.731003,0
                131.06271,31.731315,0
                131.063448,31.732016,0
                131.063819,31.731704,0
                131.064188,31.731859,0
                131.065203,31.733029,0
                131.065202,31.733263,0
                131.064277,31.733888,0
                131.062616,31.732173,0
                131.06132,31.732877,0
                131.061135,31.732877,0
                131.060859,31.732409,0
                131.060397,31.732254,0
              </coordinates>
            </LinearRing>
          </outerBoundaryIs>
        </Polygon>
      </Placemark>
      <Placemark>
        <name>M012｜元区画21 27</name>
        <description><![CDATA[元区画: 21 27<br>統合方法: merged_adjacent_pair<br>紙地図の既存境界を保持]]></description>
        <styleUrl>#poly-507FFF-2000-125</styleUrl>
        <Polygon>
          <outerBoundaryIs>
            <LinearRing>
              <tessellate>1</tessellate>
              <coordinates>
                131.068073,31.73084,0
                131.068074,31.730606,0
                131.068814,31.730449,0
                131.06946,31.730761,0
                131.070289,31.732398,0
                131.07038,31.733101,0
                131.068531,31.733259,0
                131.068073,31.73084,0
              </coordinates>
            </LinearRing>
          </outerBoundaryIs>
        </Polygon>
      </Placemark>
      <Placemark>
        <name>M013｜元区画20 30</name>
        <description><![CDATA[元区画: 20 30<br>統合方法: merged_adjacent_pair<br>紙地図の既存境界を保持]]></description>
        <styleUrl>#poly-FFA54E-2000-125</styleUrl>
        <Polygon>
          <outerBoundaryIs>
            <LinearRing>
              <tessellate>1</tessellate>
              <coordinates>
                131.05864,31.732334,0
                131.059013,31.730851,0
                131.060124,31.729757,0
                131.061231,31.731004,0
                131.059747,31.733347,0
                131.05947,31.733269,0
                131.05864,31.732334,0
              </coordinates>
            </LinearRing>
          </outerBoundaryIs>
        </Polygon>
      </Placemark>
      <Placemark>
        <name>M014｜元区画22 29</name>
        <description><![CDATA[元区画: 22 29<br>統合方法: merged_adjacent_pair<br>紙地図の既存境界を保持]]></description>
        <styleUrl>#poly-7AB955-2000-125</styleUrl>
        <Polygon>
          <outerBoundaryIs>
            <LinearRing>
              <tessellate>1</tessellate>
              <coordinates>
                131.061231,31.730926,0
                131.062066,31.729833,0
                131.062804,31.730612,0
                131.064099,31.730455,0
                131.064097,31.731079,0
                131.067334,31.730919,0
                131.067516,31.732402,0
                131.066406,31.732637,0
                131.066128,31.732949,0
                131.065203,31.733185,0
                131.064004,31.731703,0
                131.063448,31.732016,0
                131.06271,31.731315,0
                131.062711,31.731003,0
                131.061231,31.730926,0
              </coordinates>
            </LinearRing>
          </outerBoundaryIs>
        </Polygon>
      </Placemark>
      <Placemark>
        <name>M015｜元区画23 24</name>
        <description><![CDATA[元区画: 23 24<br>統合方法: merged_adjacent_pair<br>紙地図の既存境界を保持]]></description>
        <styleUrl>#poly-5599FF-2000-125</styleUrl>
        <Polygon>
          <outerBoundaryIs>
            <LinearRing>
              <tessellate>1</tessellate>
              <coordinates>
                131.068999,31.730449,0
                131.070664,31.729745,0
                131.071867,31.729588,0
                131.071955,31.731538,0
                131.072785,31.732864,0
                131.07149,31.733021,0
                131.070289,31.732476,0
                131.06946,31.730761,0
                131.068999,31.730449,0
              </coordinates>
            </LinearRing>
          </outerBoundaryIs>
        </Polygon>
      </Placemark>
      <Placemark>
        <name>M016｜元区画9 28</name>
        <description><![CDATA[元区画: 9 28<br>統合方法: merged_adjacent_pair<br>紙地図の既存境界を保持]]></description>
        <styleUrl>#poly-507FFF-2000-125</styleUrl>
        <Polygon>
          <outerBoundaryIs>
            <LinearRing>
              <tessellate>1</tessellate>
              <coordinates>
                131.053187,31.731169,0
                131.054021,31.730388,0
                131.05698,31.729995,0
                131.056797,31.729136,0
                131.056982,31.729058,0
                131.057999,31.728979,0
                131.058183,31.729525,0
                131.059663,31.729289,0
                131.060032,31.729679,0
                131.058827,31.731319,0
                131.05864,31.7321,0
                131.05873,31.733348,0
                131.058545,31.73366,0
                131.056415,31.735536,0
                131.05623,31.735536,0
                131.056142,31.733273,0
                131.055865,31.733039,0
                131.055495,31.73304,0
                131.055588,31.732727,0
                131.055404,31.732493,0
                131.054756,31.732494,0
                131.054757,31.732182,0
                131.05448,31.732182,0
                131.054295,31.73187,0
                131.054018,31.731715,0
                131.053648,31.731793,0
                131.053649,31.731481,0
                131.053187,31.731169,0
              </coordinates>
            </LinearRing>
          </outerBoundaryIs>
        </Polygon>
      </Placemark>
      <Placemark>
        <name>M017｜元区画31 32</name>
        <description><![CDATA[元区画: 31 32<br>統合方法: merged_adjacent_pair<br>紙地図の既存境界を保持]]></description>
        <styleUrl>#poly-FFA54E-2000-125</styleUrl>
        <Polygon>
          <outerBoundaryIs>
            <LinearRing>
              <tessellate>1</tessellate>
              <coordinates>
                131.063916,31.729362,0
                131.063916,31.729206,0
                131.065673,31.729048,0
                131.067241,31.730919,0
                131.064097,31.731079,0
                131.063916,31.729362,0
              </coordinates>
            </LinearRing>
          </outerBoundaryIs>
        </Polygon>
      </Placemark>
      <Placemark>
        <name>M018｜元区画36</name>
        <description><![CDATA[元区画: 36<br>統合方法: retained_single_cell<br>紙地図の既存境界を保持]]></description>
        <styleUrl>#poly-7AB955-2000-125</styleUrl>
        <Polygon>
          <outerBoundaryIs>
            <LinearRing>
              <tessellate>1</tessellate>
              <coordinates>
                131.061973,31.729833,0
                131.062252,31.729364,0
                131.063916,31.729284,0
                131.064099,31.730455,0
                131.062804,31.730612,0
                131.061973,31.729833,0
              </coordinates>
            </LinearRing>
          </outerBoundaryIs>
        </Polygon>
      </Placemark>
      <Placemark>
        <name>M019｜元区画34</name>
        <description><![CDATA[元区画: 34<br>統合方法: retained_single_cell<br>紙地図の既存境界を保持]]></description>
        <styleUrl>#poly-5599FF-2000-125</styleUrl>
        <Polygon>
          <outerBoundaryIs>
            <LinearRing>
              <tessellate>1</tessellate>
              <coordinates>
                131.065673,31.729126,0
                131.065766,31.728892,0
                131.066691,31.728657,0
                131.067706,31.729826,0
                131.068166,31.730996,0
                131.067241,31.730919,0
                131.065673,31.729126,0
              </coordinates>
            </LinearRing>
          </outerBoundaryIs>
        </Polygon>
      </Placemark>
      <Placemark>
        <name>M020｜元区画37</name>
        <description><![CDATA[元区画: 37<br>統合方法: retained_single_cell<br>紙地図の既存境界を保持]]></description>
        <styleUrl>#poly-507FFF-2000-125</styleUrl>
        <Polygon>
          <outerBoundaryIs>
            <LinearRing>
              <tessellate>1</tessellate>
              <coordinates>
                131.066691,31.728735,0
                131.066691,31.728579,0
                131.067339,31.728422,0
                131.06891,31.728498,0
                131.069373,31.728342,0
                131.070202,31.72998,0
                131.068814,31.730527,0
                131.067981,31.730606,0
                131.067706,31.729826,0
                131.066691,31.728735,0
              </coordinates>
            </LinearRing>
          </outerBoundaryIs>
        </Polygon>
      </Placemark>
      <Placemark>
        <name>M021｜元区画33 38</name>
        <description><![CDATA[元区画: 33 38<br>統合方法: merged_adjacent_pair<br>紙地図の既存境界を保持]]></description>
        <styleUrl>#poly-FFA54E-2000-125</styleUrl>
        <Polygon>
          <outerBoundaryIs>
            <LinearRing>
              <tessellate>1</tessellate>
              <coordinates>
                131.052541,31.730546,0
                131.052635,31.729844,0
                131.053005,31.729765,0
                131.052913,31.729375,0
                131.053375,31.729453,0
                131.053746,31.72914,0
                131.053839,31.728828,0
                131.054209,31.728593,0
                131.054118,31.728203,0
                131.054395,31.728281,0
                131.054858,31.727656,0
                131.05486,31.726876,0
                131.055137,31.726875,0
                131.055323,31.726251,0
                131.055233,31.725081,0
                131.055603,31.725002,0
                131.05698,31.729995,0
                131.054021,31.730388,0
                131.053187,31.731169,0
                131.052541,31.730546,0
              </coordinates>
            </LinearRing>
          </outerBoundaryIs>
        </Polygon>
      </Placemark>
      <Placemark>
        <name>M022｜元区画39 41</name>
        <description><![CDATA[元区画: 39 41<br>統合方法: merged_adjacent_pair<br>紙地図の既存境界を保持]]></description>
        <styleUrl>#poly-7AB955-2000-125</styleUrl>
        <Polygon>
          <outerBoundaryIs>
            <LinearRing>
              <tessellate>1</tessellate>
              <coordinates>
                131.069373,31.72842,0
                131.073904,31.727868,0
                131.073994,31.729351,0
                131.071219,31.729588,0
                131.070202,31.729902,0
                131.069373,31.72842,0
              </coordinates>
            </LinearRing>
          </outerBoundaryIs>
        </Polygon>
      </Placemark>
      <Placemark>
        <name>M023｜元区画35 44</name>
        <description><![CDATA[元区画: 35 44<br>統合方法: merged_adjacent_pair<br>紙地図の既存境界を保持]]></description>
        <styleUrl>#poly-5599FF-2000-125</styleUrl>
        <Polygon>
          <outerBoundaryIs>
            <LinearRing>
              <tessellate>1</tessellate>
              <coordinates>
                131.059667,31.726948,0
                131.061148,31.726244,0
                131.062161,31.728584,0
                131.06253,31.728896,0
                131.061324,31.730848,0
                131.060124,31.729835,0
                131.060958,31.728898,0
                131.060036,31.727806,0
                131.059667,31.726948,0
              </coordinates>
            </LinearRing>
          </outerBoundaryIs>
        </Polygon>
      </Placemark>
      <Placemark>
        <name>M024｜元区画40 42</name>
        <description><![CDATA[元区画: 40 42<br>統合方法: merged_adjacent_pair<br>紙地図の既存境界を保持]]></description>
        <styleUrl>#poly-507FFF-2000-125</styleUrl>
        <Polygon>
          <outerBoundaryIs>
            <LinearRing>
              <tessellate>1</tessellate>
              <coordinates>
                131.056521,31.728356,0
                131.059668,31.72687,0
                131.060036,31.727806,0
                131.060958,31.728976,0
                131.060124,31.729757,0
                131.059663,31.729289,0
                131.058183,31.729525,0
                131.057999,31.728979,0
                131.056797,31.729136,0
                131.056521,31.728356,0
              </coordinates>
            </LinearRing>
          </outerBoundaryIs>
        </Polygon>
      </Placemark>
      <Placemark>
        <name>M025｜元区画43 46</name>
        <description><![CDATA[元区画: 43 46<br>統合方法: merged_adjacent_pair<br>紙地図の既存境界を保持]]></description>
        <styleUrl>#poly-FFA54E-2000-125</styleUrl>
        <Polygon>
          <outerBoundaryIs>
            <LinearRing>
              <tessellate>1</tessellate>
              <coordinates>
                131.0617,31.727648,0
                131.061701,31.727414,0
                131.062348,31.727257,0
                131.063643,31.727256,0
                131.064938,31.726552,0
                131.065491,31.727488,0
                131.066598,31.728657,0
                131.065118,31.729205,0
                131.062344,31.729364,0
                131.06253,31.728896,0
                131.062161,31.728584,0
                131.0617,31.727648,0
              </coordinates>
            </LinearRing>
          </outerBoundaryIs>
        </Polygon>
      </Placemark>
      <Placemark>
        <name>M026｜元区画47 49</name>
        <description><![CDATA[元区画: 47 49<br>統合方法: merged_adjacent_pair<br>紙地図の既存境界を保持]]></description>
        <styleUrl>#poly-7AB955-2000-125</styleUrl>
        <Polygon>
          <outerBoundaryIs>
            <LinearRing>
              <tessellate>1</tessellate>
              <coordinates>
                131.068635,31.727172,0
                131.069653,31.726781,0
                131.070117,31.726078,0
                131.071135,31.725609,0
                131.071685,31.728105,0
                131.06928,31.728342,0
                131.068635,31.727172,0
              </coordinates>
            </LinearRing>
          </outerBoundaryIs>
        </Polygon>
      </Placemark>
      <Placemark>
        <name>M027｜元区画45 52</name>
        <description><![CDATA[元区画: 45 52<br>統合方法: merged_adjacent_pair<br>紙地図の既存境界を保持]]></description>
        <styleUrl>#poly-5599FF-2000-125</styleUrl>
        <Polygon>
          <outerBoundaryIs>
            <LinearRing>
              <tessellate>1</tessellate>
              <coordinates>
                131.064938,31.726708,0
                131.064938,31.726474,0
                131.067622,31.725301,0
                131.06928,31.728342,0
                131.06891,31.728498,0
                131.067339,31.728422,0
                131.066598,31.728657,0
                131.064938,31.726708,0
              </coordinates>
            </LinearRing>
          </outerBoundaryIs>
        </Polygon>
      </Placemark>
      <Placemark>
        <name>M028｜元区画50 55</name>
        <description><![CDATA[元区画: 50 55<br>統合方法: merged_adjacent_pair<br>紙地図の既存境界を保持]]></description>
        <styleUrl>#poly-507FFF-2000-125</styleUrl>
        <Polygon>
          <outerBoundaryIs>
            <LinearRing>
              <tessellate>1</tessellate>
              <coordinates>
                131.071318,31.726701,0
                131.071318,31.726311,0
                131.073815,31.72623,0
                131.073812,31.727478,0
                131.073997,31.727478,0
                131.073997,31.72779,0
                131.071685,31.728027,0
                131.071318,31.726701,0
              </coordinates>
            </LinearRing>
          </outerBoundaryIs>
        </Polygon>
      </Placemark>
      <Placemark>
        <name>M029｜元区画48 51</name>
        <description><![CDATA[元区画: 48 51<br>統合方法: merged_adjacent_pair<br>紙地図の既存境界を保持]]></description>
        <styleUrl>#poly-FFA54E-2000-125</styleUrl>
        <Polygon>
          <outerBoundaryIs>
            <LinearRing>
              <tessellate>1</tessellate>
              <coordinates>
                131.055603,31.725158,0
                131.055603,31.725002,0
                131.057637,31.725078,0
                131.05828,31.727262,0
                131.058187,31.727574,0
                131.056521,31.728278,0
                131.055603,31.725158,0
              </coordinates>
            </LinearRing>
          </outerBoundaryIs>
        </Polygon>
      </Placemark>
      <Placemark>
        <name>M030｜元区画53</name>
        <description><![CDATA[元区画: 53<br>統合方法: retained_single_cell<br>紙地図の既存境界を保持]]></description>
        <styleUrl>#poly-7AB955-2000-125</styleUrl>
        <Polygon>
          <outerBoundaryIs>
            <LinearRing>
              <tessellate>1</tessellate>
              <coordinates>
                131.061148,31.7264,0
                131.061148,31.726166,0
                131.063555,31.724993,0
                131.063924,31.724993,0
                131.064846,31.72663,0
                131.063365,31.727334,0
                131.062348,31.727257,0
                131.061608,31.727414,0
                131.061148,31.7264,0
              </coordinates>
            </LinearRing>
          </outerBoundaryIs>
        </Polygon>
      </Placemark>
      <Placemark>
        <name>M031｜元区画56 62</name>
        <description><![CDATA[元区画: 56 62<br>統合方法: merged_adjacent_pair<br>紙地図の既存境界を保持]]></description>
        <styleUrl>#poly-5599FF-2000-125</styleUrl>
        <Polygon>
          <outerBoundaryIs>
            <LinearRing>
              <tessellate>1</tessellate>
              <coordinates>
                131.067898,31.725925,0
                131.067991,31.725612,0
                131.069287,31.725065,0
                131.069103,31.724441,0
                131.07086,31.724361,0
                131.071042,31.725609,0
                131.070117,31.726078,0
                131.069653,31.726781,0
                131.068636,31.727094,0
                131.067898,31.725925,0
              </coordinates>
            </LinearRing>
          </outerBoundaryIs>
        </Polygon>
      </Placemark>
      <Placemark>
        <name>M032｜元区画57 61</name>
        <description><![CDATA[元区画: 57 61<br>統合方法: merged_adjacent_pair<br>紙地図の既存境界を保持]]></description>
        <styleUrl>#poly-507FFF-2000-125</styleUrl>
        <Polygon>
          <outerBoundaryIs>
            <LinearRing>
              <tessellate>1</tessellate>
              <coordinates>
                131.059116,31.725466,0
                131.059116,31.725154,0
                131.060041,31.724841,0
                131.060504,31.724762,0
                131.060873,31.724918,0
                131.061706,31.724683,0
                131.061799,31.724293,0
                131.06291,31.723745,0
                131.063832,31.724837,0
                131.063832,31.724993,0
                131.063184,31.72515,0
                131.05976,31.72687,0
                131.059116,31.725466,0
              </coordinates>
            </LinearRing>
          </outerBoundaryIs>
        </Polygon>
      </Placemark>
      <Placemark>
        <name>M033｜元区画59 60</name>
        <description><![CDATA[元区画: 59 60<br>統合方法: merged_adjacent_pair<br>紙地図の既存境界を保持]]></description>
        <styleUrl>#poly-FFA54E-2000-125</styleUrl>
        <Polygon>
          <outerBoundaryIs>
            <LinearRing>
              <tessellate>1</tessellate>
              <coordinates>
                131.070859,31.724673,0
                131.07086,31.724361,0
                131.073726,31.724279,0
                131.073815,31.72623,0
                131.071226,31.726311,0
                131.070859,31.724673,0
              </coordinates>
            </LinearRing>
          </outerBoundaryIs>
        </Polygon>
      </Placemark>
      <Placemark>
        <name>M034｜元区画54</name>
        <description><![CDATA[元区画: 54<br>統合方法: retained_single_cell<br>紙地図の既存境界を保持]]></description>
        <styleUrl>#poly-7AB955-2000-125</styleUrl>
        <Polygon>
          <outerBoundaryIs>
            <LinearRing>
              <tessellate>1</tessellate>
              <coordinates>
                131.057085,31.723674,0
                131.057086,31.723284,0
                131.058473,31.723048,0
                131.058932,31.72492,0
                131.059668,31.726636,0
                131.059575,31.726948,0
                131.058557,31.727418,0
                131.058188,31.727262,0
                131.057085,31.723674,0
              </coordinates>
            </LinearRing>
          </outerBoundaryIs>
        </Polygon>
      </Placemark>
      <Placemark>
        <name>M035｜元区画58</name>
        <description><![CDATA[元区画: 58<br>統合方法: retained_single_cell<br>紙地図の既存境界を保持]]></description>
        <styleUrl>#poly-5599FF-2000-125</styleUrl>
        <Polygon>
          <outerBoundaryIs>
            <LinearRing>
              <tessellate>1</tessellate>
              <coordinates>
                131.063832,31.724993,0
                131.065406,31.724055,0
                131.066793,31.723663,0
                131.06753,31.725301,0
                131.064846,31.726552,0
                131.063832,31.724993,0
              </coordinates>
            </LinearRing>
          </outerBoundaryIs>
        </Polygon>
      </Placemark>
      <Placemark>
        <name>M036｜元区画63 64</name>
        <description><![CDATA[元区画: 63 64<br>統合方法: merged_adjacent_pair<br>紙地図の既存境界を保持]]></description>
        <styleUrl>#poly-507FFF-2000-125</styleUrl>
        <Polygon>
          <outerBoundaryIs>
            <LinearRing>
              <tessellate>1</tessellate>
              <coordinates>
                131.066701,31.723663,0
                131.067904,31.723193,0
                131.069013,31.723114,0
                131.069011,31.724441,0
                131.069287,31.725065,0
                131.067806,31.725691,0
                131.066701,31.723663,0
              </coordinates>
            </LinearRing>
          </outerBoundaryIs>
        </Polygon>
      </Placemark>
      <Placemark>
        <name>M037｜元区画66 71</name>
        <description><![CDATA[元区画: 66 71<br>統合方法: merged_adjacent_pair<br>紙地図の既存境界を保持]]></description>
        <styleUrl>#poly-FFA54E-2000-125</styleUrl>
        <Polygon>
          <outerBoundaryIs>
            <LinearRing>
              <tessellate>1</tessellate>
              <coordinates>
                131.054496,31.723599,0
                131.054682,31.723365,0
                131.056902,31.722894,0
                131.057545,31.725078,0
                131.055233,31.725081,0
                131.055142,31.724534,0
                131.054864,31.724535,0
                131.054865,31.723989,0
                131.054496,31.723599,0
              </coordinates>
            </LinearRing>
          </outerBoundaryIs>
        </Polygon>
      </Placemark>
      <Placemark>
        <name>M038｜元区画67</name>
        <description><![CDATA[元区画: 67<br>統合方法: retained_single_cell<br>紙地図の既存境界を保持]]></description>
        <styleUrl>#poly-7AB955-2000-125</styleUrl>
        <Polygon>
          <outerBoundaryIs>
            <LinearRing>
              <tessellate>1</tessellate>
              <coordinates>
                131.063002,31.723823,0
                131.064853,31.723041,0
                131.065405,31.724133,0
                131.063832,31.724915,0
                131.063002,31.723823,0
              </coordinates>
            </LinearRing>
          </outerBoundaryIs>
        </Polygon>
      </Placemark>
      <Placemark>
        <name>M039｜元区画68</name>
        <description><![CDATA[元区画: 68<br>統合方法: retained_single_cell<br>紙地図の既存境界を保持]]></description>
        <styleUrl>#poly-5599FF-2000-125</styleUrl>
        <Polygon>
          <outerBoundaryIs>
            <LinearRing>
              <tessellate>1</tessellate>
              <coordinates>
                131.069011,31.724441,0
                131.069013,31.723114,0
                131.071694,31.723189,0
                131.0716,31.72436,0
                131.069011,31.724441,0
              </coordinates>
            </LinearRing>
          </outerBoundaryIs>
        </Polygon>
      </Placemark>
      <Placemark>
        <name>M040｜元区画70</name>
        <description><![CDATA[元区画: 70<br>統合方法: retained_single_cell<br>紙地図の既存境界を保持]]></description>
        <styleUrl>#poly-507FFF-2000-125</styleUrl>
        <Polygon>
          <outerBoundaryIs>
            <LinearRing>
              <tessellate>1</tessellate>
              <coordinates>
                131.0716,31.72436,0
                131.071694,31.723189,0
                131.072711,31.723188,0
                131.073636,31.722953,0
                131.073913,31.723421,0
                131.073728,31.723421,0
                131.073634,31.724357,0
                131.0716,31.72436,0
              </coordinates>
            </LinearRing>
          </outerBoundaryIs>
        </Polygon>
      </Placemark>
      <Placemark>
        <name>M041｜元区画65 69</name>
        <description><![CDATA[元区画: 65 69<br>統合方法: merged_adjacent_pair<br>紙地図の既存境界を保持]]></description>
        <styleUrl>#poly-FFA54E-2000-125</styleUrl>
        <Polygon>
          <outerBoundaryIs>
            <LinearRing>
              <tessellate>1</tessellate>
              <coordinates>
                131.058473,31.72336,0
                131.058473,31.723048,0
                131.0606,31.72289,0
                131.061896,31.722108,0
                131.06291,31.723823,0
                131.061799,31.724293,0
                131.061521,31.724761,0
                131.060596,31.724918,0
                131.060319,31.724763,0
                131.059024,31.725154,0
                131.058473,31.72336,0
              </coordinates>
            </LinearRing>
          </outerBoundaryIs>
        </Polygon>
      </Placemark>
      <Placemark>
        <name>M042｜元区画72 74</name>
        <description><![CDATA[元区画: 72 74<br>統合方法: merged_adjacent_pair<br>紙地図の既存境界を保持]]></description>
        <styleUrl>#poly-7AB955-2000-125</styleUrl>
        <Polygon>
          <outerBoundaryIs>
            <LinearRing>
              <tessellate>1</tessellate>
              <coordinates>
                131.064392,31.722261,0
                131.064392,31.722105,0
                131.065965,31.721713,0
                131.065874,31.721089,0
                131.067445,31.721087,0
                131.068184,31.721398,0
                131.067444,31.721555,0
                131.067903,31.723271,0
                131.065683,31.724054,0
                131.065313,31.724055,0
                131.064392,31.722261,0
              </coordinates>
            </LinearRing>
          </outerBoundaryIs>
        </Polygon>
      </Placemark>
      <Placemark>
        <name>M043｜元区画77</name>
        <description><![CDATA[元区画: 77<br>統合方法: retained_single_cell<br>紙地図の既存境界を保持]]></description>
        <styleUrl>#poly-5599FF-2000-125</styleUrl>
        <Polygon>
          <outerBoundaryIs>
            <LinearRing>
              <tessellate>1</tessellate>
              <coordinates>
                131.067444,31.721711,0
                131.067444,31.721555,0
                131.068462,31.721476,0
                131.070032,31.722021,0
                131.0704,31.723191,0
                131.067904,31.723193,0
                131.067444,31.721711,0
              </coordinates>
            </LinearRing>
          </outerBoundaryIs>
        </Polygon>
      </Placemark>
      <Placemark>
        <name>M044｜元区画75 79</name>
        <description><![CDATA[元区画: 75 79<br>統合方法: merged_adjacent_pair<br>紙地図の既存境界を保持]]></description>
        <styleUrl>#poly-507FFF-2000-125</styleUrl>
        <Polygon>
          <outerBoundaryIs>
            <LinearRing>
              <tessellate>1</tessellate>
              <coordinates>
                131.05302,31.722118,0
                131.053668,31.721805,0
                131.05635,31.721334,0
                131.056902,31.722894,0
                131.054682,31.723365,0
                131.054404,31.723599,0
                131.054404,31.723443,0
                131.054034,31.723443,0
                131.054035,31.723131,0
                131.053666,31.722819,0
                131.053388,31.72282,0
                131.053389,31.722508,0
                131.053112,31.72243,0
                131.05302,31.722118,0
              </coordinates>
            </LinearRing>
          </outerBoundaryIs>
        </Polygon>
      </Placemark>
      <Placemark>
        <name>M045｜元区画73 86</name>
        <description><![CDATA[元区画: 73 86<br>統合方法: merged_adjacent_pair<br>紙地図の既存境界を保持]]></description>
        <styleUrl>#poly-FFA54E-2000-125</styleUrl>
        <Polygon>
          <outerBoundaryIs>
            <LinearRing>
              <tessellate>1</tessellate>
              <coordinates>
                131.061896,31.722186,0
                131.061896,31.72203,0
                131.062359,31.721873,0
                131.065781,31.721089,0
                131.066058,31.721479,0
                131.065965,31.721713,0
                131.064392,31.722105,0
                131.064853,31.723041,0
                131.063095,31.723745,0
                131.06291,31.723745,0
                131.061896,31.722186,0
              </coordinates>
            </LinearRing>
          </outerBoundaryIs>
        </Polygon>
      </Placemark>
      <Placemark>
        <name>M046｜元区画85 87</name>
        <description><![CDATA[元区画: 85 87<br>統合方法: merged_adjacent_pair<br>紙地図の既存境界を保持]]></description>
        <styleUrl>#poly-7AB955-2000-125</styleUrl>
        <Polygon>
          <outerBoundaryIs>
            <LinearRing>
              <tessellate>1</tessellate>
              <coordinates>
                131.077335,31.722636,0
                131.077891,31.722012,0
                131.079926,31.721931,0
                131.079924,31.722555,0
                131.077335,31.722636,0
              </coordinates>
            </LinearRing>
          </outerBoundaryIs>
        </Polygon>
      </Placemark>
      <Placemark>
        <name>M047｜元区画78 89</name>
        <description><![CDATA[元区画: 78 89<br>統合方法: merged_adjacent_pair<br>紙地図の既存境界を保持]]></description>
        <styleUrl>#poly-5599FF-2000-125</styleUrl>
        <Polygon>
          <outerBoundaryIs>
            <LinearRing>
              <tessellate>1</tessellate>
              <coordinates>
                131.070032,31.722255,0
                131.070032,31.722099,0
                131.071696,31.722175,0
                131.071791,31.721004,0
                131.072531,31.721081,0
                131.072901,31.720535,0
                131.072903,31.719676,0
                131.07355,31.719754,0
                131.073636,31.722953,0
                131.072711,31.723188,0
                131.0704,31.723191,0
                131.070032,31.722255,0
              </coordinates>
            </LinearRing>
          </outerBoundaryIs>
        </Polygon>
      </Placemark>
      <Placemark>
        <name>M048｜元区画81 92</name>
        <description><![CDATA[元区画: 81 92<br>統合方法: merged_adjacent_pair<br>紙地図の既存境界を保持]]></description>
        <styleUrl>#poly-507FFF-2000-125</styleUrl>
        <Polygon>
          <outerBoundaryIs>
            <LinearRing>
              <tessellate>1</tessellate>
              <coordinates>
                131.082977,31.721538,0
                131.082979,31.720913,0
                131.085013,31.720599,0
                131.085288,31.721847,0
                131.086028,31.721768,0
                131.086027,31.72208,0
                131.087599,31.722079,0
                131.08769,31.723015,0
                131.086395,31.723016,0
                131.0839,31.722395,0
                131.083161,31.722396,0
                131.082977,31.721538,0
              </coordinates>
            </LinearRing>
          </outerBoundaryIs>
        </Polygon>
      </Placemark>
      <Placemark>
        <name>M049｜元区画84 96</name>
        <description><![CDATA[元区画: 84 96<br>統合方法: merged_adjacent_pair<br>紙地図の既存境界を保持]]></description>
        <styleUrl>#poly-FFA54E-2000-125</styleUrl>
        <Polygon>
          <outerBoundaryIs>
            <LinearRing>
              <tessellate>1</tessellate>
              <coordinates>
                131.075209,31.722561,0
                131.07521,31.721937,0
                131.076874,31.722013,0
                131.076877,31.720764,0
                131.079743,31.720761,0
                131.079926,31.721931,0
                131.077891,31.722012,0
                131.077335,31.722636,0
                131.075209,31.722561,0
              </coordinates>
            </LinearRing>
          </outerBoundaryIs>
        </Polygon>
      </Placemark>
      <Placemark>
        <name>M050｜元区画88 90</name>
        <description><![CDATA[元区画: 88 90<br>統合方法: merged_adjacent_pair<br>紙地図の既存境界を保持]]></description>
        <styleUrl>#poly-7AB955-2000-125</styleUrl>
        <Polygon>
          <outerBoundaryIs>
            <LinearRing>
              <tessellate>1</tessellate>
              <coordinates>
                131.079742,31.720995,0
                131.079743,31.720761,0
                131.082979,31.720913,0
                131.08316,31.722474,0
                131.079924,31.722555,0
                131.079742,31.720995,0
              </coordinates>
            </LinearRing>
          </outerBoundaryIs>
        </Polygon>
      </Placemark>
      <Placemark>
        <name>M051｜元区画76 95</name>
        <description><![CDATA[元区画: 76 95<br>統合方法: merged_adjacent_pair<br>紙地図の既存境界を保持]]></description>
        <styleUrl>#poly-5599FF-2000-125</styleUrl>
        <Polygon>
          <outerBoundaryIs>
            <LinearRing>
              <tessellate>1</tessellate>
              <coordinates>
                131.055982,31.72032,0
                131.055983,31.71993,0
                131.056445,31.719929,0
                131.056537,31.720163,0
                131.057646,31.720786,0
                131.058663,31.720629,0
                131.058846,31.721409,0
                131.059586,31.721408,0
                131.05986,31.72289,0
                131.056993,31.723284,0
                131.055982,31.72032,0
              </coordinates>
            </LinearRing>
          </outerBoundaryIs>
        </Polygon>
      </Placemark>
      <Placemark>
        <name>M052｜元区画83</name>
        <description><![CDATA[元区画: 83<br>統合方法: retained_single_cell<br>紙地図の既存境界を保持]]></description>
        <styleUrl>#poly-507FFF-2000-125</styleUrl>
        <Polygon>
          <outerBoundaryIs>
            <LinearRing>
              <tessellate>1</tessellate>
              <coordinates>
                131.073545,31.722485,0
                131.073548,31.72069,0
                131.075028,31.720532,0
                131.075209,31.722561,0
                131.074284,31.722562,0
                131.074099,31.722718,0
                131.073545,31.722485,0
              </coordinates>
            </LinearRing>
          </outerBoundaryIs>
        </Polygon>
      </Placemark>
      <Placemark>
        <name>M053｜元区画80</name>
        <description><![CDATA[元区画: 80<br>統合方法: retained_single_cell<br>紙地図の既存境界を保持]]></description>
        <styleUrl>#poly-FFA54E-2000-125</styleUrl>
        <Polygon>
          <outerBoundaryIs>
            <LinearRing>
              <tessellate>1</tessellate>
              <coordinates>
                131.058663,31.720785,0
                131.05894,31.720551,0
                131.06116,31.720158,0
                131.061158,31.721016,0
                131.061896,31.722108,0
                131.0606,31.72289,0
                131.05986,31.72289,0
                131.059586,31.721408,0
                131.058846,31.721409,0
                131.058663,31.720785,0
              </coordinates>
            </LinearRing>
          </outerBoundaryIs>
        </Polygon>
      </Placemark>
      <Placemark>
        <name>M054｜元区画82 112</name>
        <description><![CDATA[元区画: 82 112<br>統合方法: merged_adjacent_pair<br>紙地図の既存境界を保持]]></description>
        <styleUrl>#poly-7AB955-2000-125</styleUrl>
        <Polygon>
          <outerBoundaryIs>
            <LinearRing>
              <tessellate>1</tessellate>
              <coordinates>
                131.086679,31.719973,0
                131.086679,31.719817,0
                131.087049,31.719738,0
                131.090008,31.719423,0
                131.08991,31.72231,0
                131.090095,31.722466,0
                131.087782,31.723093,0
                131.087325,31.720674,0
                131.087048,31.720128,0
                131.086679,31.719973,0
              </coordinates>
            </LinearRing>
          </outerBoundaryIs>
        </Polygon>
      </Placemark>
      <Placemark>
        <name>M055｜元区画93 104</name>
        <description><![CDATA[元区画: 93 104<br>統合方法: merged_adjacent_pair<br>紙地図の既存境界を保持]]></description>
        <styleUrl>#poly-5599FF-2000-125</styleUrl>
        <Polygon>
          <outerBoundaryIs>
            <LinearRing>
              <tessellate>1</tessellate>
              <coordinates>
                131.069759,31.72007,0
                131.06976,31.71968,0
                131.072441,31.719677,0
                131.072903,31.719754,0
                131.072901,31.720535,0
                131.072531,31.721081,0
                131.071791,31.721004,0
                131.071696,31.722175,0
                131.070032,31.722099,0
                131.070035,31.720928,0
                131.069759,31.72007,0
              </coordinates>
            </LinearRing>
          </outerBoundaryIs>
        </Polygon>
      </Placemark>
      <Placemark>
        <name>M056｜元区画94 106</name>
        <description><![CDATA[元区画: 94 106<br>統合方法: merged_adjacent_pair<br>紙地図の既存境界を保持]]></description>
        <styleUrl>#poly-507FFF-2000-125</styleUrl>
        <Polygon>
          <outerBoundaryIs>
            <LinearRing>
              <tessellate>1</tessellate>
              <coordinates>
                131.082703,31.719821,0
                131.082704,31.719275,0
                131.083167,31.719274,0
                131.086587,31.719817,0
                131.087233,31.72044,0
                131.087599,31.722001,0
                131.086027,31.72208,0
                131.086028,31.721768,0
                131.085288,31.721847,0
                131.085013,31.720599,0
                131.082886,31.720913,0
                131.082703,31.719821,0
              </coordinates>
            </LinearRing>
          </outerBoundaryIs>
        </Polygon>
      </Placemark>
      <Placemark>
        <name>M057｜元区画98 113</name>
        <description><![CDATA[元区画: 98 113<br>統合方法: merged_adjacent_pair<br>紙地図の既存境界を保持]]></description>
        <styleUrl>#poly-FFA54E-2000-125</styleUrl>
        <Polygon>
          <outerBoundaryIs>
            <LinearRing>
              <tessellate>1</tessellate>
              <coordinates>
                131.073458,31.719754,0
                131.073459,31.719286,0
                131.074383,31.719441,0
                131.076972,31.719282,0
                131.076874,31.722013,0
                131.075118,31.721937,0
                131.075028,31.720532,0
                131.073548,31.72069,0
                131.073458,31.719754,0
              </coordinates>
            </LinearRing>
          </outerBoundaryIs>
        </Polygon>
      </Placemark>
      <Placemark>
        <name>M058｜元区画91 114</name>
        <description><![CDATA[元区画: 91 114<br>統合方法: merged_adjacent_pair<br>紙地図の既存境界を保持]]></description>
        <styleUrl>#poly-7AB955-2000-125</styleUrl>
        <Polygon>
          <outerBoundaryIs>
            <LinearRing>
              <tessellate>1</tessellate>
              <coordinates>
                131.08991,31.72231,0
                131.090008,31.719345,0
                131.090933,31.719344,0
                131.091766,31.718718,0
                131.092136,31.718952,0
                131.091672,31.719655,0
                131.092041,31.720045,0
                131.091763,31.720591,0
                131.092223,31.721449,0
                131.091945,31.721683,0
                131.091391,31.721762,0
                131.091298,31.721996,0
                131.09065,31.722075,0
                131.09065,31.722387,0
                131.090095,31.722466,0
                131.08991,31.72231,0
              </coordinates>
            </LinearRing>
          </outerBoundaryIs>
        </Polygon>
      </Placemark>
      <Placemark>
        <name>M059｜元区画101 115</name>
        <description><![CDATA[元区画: 101 115<br>統合方法: merged_adjacent_pair<br>紙地図の既存境界を保持]]></description>
        <styleUrl>#poly-5599FF-2000-125</styleUrl>
        <Polygon>
          <outerBoundaryIs>
            <LinearRing>
              <tessellate>1</tessellate>
              <coordinates>
                131.062361,31.720859,0
                131.063286,31.720233,0
                131.063474,31.718751,0
                131.065139,31.718437,0
                131.065874,31.721089,0
                131.062821,31.721795,0
                131.062361,31.720859,0
              </coordinates>
            </LinearRing>
          </outerBoundaryIs>
        </Polygon>
      </Placemark>
      <Placemark>
        <name>M060｜元区画108 111</name>
        <description><![CDATA[元区画: 108 111<br>統合方法: merged_adjacent_pair<br>紙地図の既存境界を保持]]></description>
        <styleUrl>#poly-507FFF-2000-125</styleUrl>
        <Polygon>
          <outerBoundaryIs>
            <LinearRing>
              <tessellate>1</tessellate>
              <coordinates>
                131.078357,31.72045,0
                131.078359,31.71928,0
                131.081225,31.719121,0
                131.081224,31.719667,0
                131.080762,31.719667,0
                131.080761,31.72037,0
                131.08113,31.720447,0
                131.081037,31.720838,0
                131.078448,31.720762,0
                131.078357,31.72045,0
              </coordinates>
            </LinearRing>
          </outerBoundaryIs>
        </Polygon>
      </Placemark>
      <Placemark>
        <name>M061｜元区画103 107</name>
        <description><![CDATA[元区画: 103 107<br>統合方法: merged_adjacent_pair<br>紙地図の既存境界を保持]]></description>
        <styleUrl>#poly-FFA54E-2000-125</styleUrl>
        <Polygon>
          <outerBoundaryIs>
            <LinearRing>
              <tessellate>1</tessellate>
              <coordinates>
                131.091672,31.719655,0
                131.091673,31.719421,0
                131.092321,31.718874,0
                131.092505,31.719108,0
                131.092968,31.719107,0
                131.094632,31.718871,0
                131.094631,31.719339,0
                131.095092,31.720353,0
                131.093611,31.720823,0
                131.093426,31.721136,0
                131.092594,31.721215,0
                131.092408,31.721449,0
                131.091763,31.720591,0
                131.092041,31.720045,0
                131.091672,31.719655,0
              </coordinates>
            </LinearRing>
          </outerBoundaryIs>
        </Polygon>
      </Placemark>
      <Placemark>
        <name>M062｜元区画102 120</name>
        <description><![CDATA[元区画: 102 120<br>統合方法: merged_adjacent_pair<br>紙地図の既存境界を保持]]></description>
        <styleUrl>#poly-7AB955-2000-125</styleUrl>
        <Polygon>
          <outerBoundaryIs>
            <LinearRing>
              <tessellate>1</tessellate>
              <coordinates>
                131.065322,31.719373,0
                131.065323,31.719061,0
                131.066988,31.718669,0
                131.06782,31.718668,0
                131.067821,31.718356,0
                131.068468,31.718433,0
                131.068558,31.719603,0
                131.067911,31.719604,0
                131.06791,31.71976,0
                131.068648,31.720774,0
                131.068646,31.721554,0
                131.067445,31.721087,0
                131.065874,31.721089,0
                131.065322,31.719373,0
              </coordinates>
            </LinearRing>
          </outerBoundaryIs>
        </Polygon>
      </Placemark>
      <Placemark>
        <name>M063｜元区画116 123</name>
        <description><![CDATA[元区画: 116 123<br>統合方法: merged_adjacent_pair<br>紙地図の既存境界を保持]]></description>
        <styleUrl>#poly-5599FF-2000-125</styleUrl>
        <Polygon>
          <outerBoundaryIs>
            <LinearRing>
              <tessellate>1</tessellate>
              <coordinates>
                131.094723,31.719573,0
                131.095926,31.71926,0
                131.095927,31.718714,0
                131.096297,31.718479,0
                131.096944,31.718556,0
                131.097314,31.7184,0
                131.097312,31.71957,0
                131.096942,31.719649,0
                131.096849,31.719961,0
                131.09648,31.719806,0
                131.096479,31.719962,0
                131.094999,31.720275,0
                131.094723,31.719573,0
              </coordinates>
            </LinearRing>
          </outerBoundaryIs>
        </Polygon>
      </Placemark>
      <Placemark>
        <name>M064｜元区画110 136</name>
        <description><![CDATA[元区画: 110 136<br>統合方法: merged_adjacent_pair<br>紙地図の既存境界を保持]]></description>
        <styleUrl>#poly-507FFF-2000-125</styleUrl>
        <Polygon>
          <outerBoundaryIs>
            <LinearRing>
              <tessellate>1</tessellate>
              <coordinates>
                131.076877,31.720764,0
                131.077067,31.718111,0
                131.078176,31.718266,0
                131.078546,31.718109,0
                131.078731,31.718343,0
                131.081318,31.718964,0
                131.081318,31.719121,0
                131.080763,31.719199,0
                131.078359,31.71928,0
                131.078448,31.720762,0
                131.076877,31.720764,0
              </coordinates>
            </LinearRing>
          </outerBoundaryIs>
        </Polygon>
      </Placemark>
      <Placemark>
        <name>M065｜元区画109 119</name>
        <description><![CDATA[元区画: 109 119<br>統合方法: merged_adjacent_pair<br>紙地図の既存境界を保持]]></description>
        <styleUrl>#poly-FFA54E-2000-125</styleUrl>
        <Polygon>
          <outerBoundaryIs>
            <LinearRing>
              <tessellate>1</tessellate>
              <coordinates>
                131.056354,31.719539,0
                131.056356,31.718369,0
                131.056912,31.7179,0
                131.058668,31.71782,0
                131.059128,31.71938,0
                131.060977,31.719066,0
                131.06116,31.720158,0
                131.057646,31.720786,0
                131.056445,31.720085,0
                131.056354,31.719539,0
              </coordinates>
            </LinearRing>
          </outerBoundaryIs>
        </Polygon>
      </Placemark>
      <Placemark>
        <name>M066｜元区画99 139</name>
        <description><![CDATA[元区画: 99 139<br>統合方法: merged_adjacent_pair<br>紙地図の既存境界を保持]]></description>
        <styleUrl>#poly-7AB955-2000-125</styleUrl>
        <Polygon>
          <outerBoundaryIs>
            <LinearRing>
              <tessellate>1</tessellate>
              <coordinates>
                131.065047,31.718437,0
                131.065049,31.7175,0
                131.065326,31.717344,0
                131.066621,31.71703,0
                131.069117,31.717106,0
                131.070035,31.720928,0
                131.070032,31.722021,0
                131.068646,31.721554,0
                131.068648,31.720774,0
                131.06791,31.71976,0
                131.067911,31.719604,0
                131.068558,31.719603,0
                131.068468,31.718433,0
                131.067821,31.718356,0
                131.06782,31.718668,0
                131.066988,31.718669,0
                131.06523,31.719061,0
                131.065047,31.718437,0
              </coordinates>
            </LinearRing>
          </outerBoundaryIs>
        </Polygon>
      </Placemark>
      <Placemark>
        <name>M067｜元区画97 142</name>
        <description><![CDATA[元区画: 97 142<br>統合方法: merged_adjacent_pair<br>紙地図の既存境界を保持]]></description>
        <styleUrl>#poly-5599FF-2000-125</styleUrl>
        <Polygon>
          <outerBoundaryIs>
            <LinearRing>
              <tessellate>1</tessellate>
              <coordinates>
                131.060796,31.717271,0
                131.060797,31.716647,0
                131.062092,31.716255,0
                131.061997,31.717972,0
                131.063568,31.71797,0
                131.063286,31.720233,0
                131.062361,31.720781,0
                131.062821,31.721795,0
                131.062173,31.722029,0
                131.061711,31.721952,0
                131.061158,31.721016,0
                131.060796,31.717271,0
              </coordinates>
            </LinearRing>
          </outerBoundaryIs>
        </Polygon>
      </Placemark>
      <Placemark>
        <name>M068｜元区画100 134</name>
        <description><![CDATA[元区画: 100 134<br>統合方法: merged_adjacent_pair<br>紙地図の既存境界を保持]]></description>
        <styleUrl>#poly-507FFF-2000-125</styleUrl>
        <Polygon>
          <outerBoundaryIs>
            <LinearRing>
              <tessellate>1</tessellate>
              <coordinates>
                131.049143,31.719001,0
                131.049328,31.718689,0
                131.050531,31.718453,0
                131.049702,31.716659,0
                131.04989,31.715255,0
                131.050168,31.715098,0
                131.051553,31.715643,0
                131.0534,31.716811,0
                131.052473,31.718217,0
                131.052193,31.719388,0
                131.055983,31.71993,0
                131.05635,31.721334,0
                131.05302,31.72204,0
                131.052651,31.721884,0
                131.052744,31.721416,0
                131.0521,31.719622,0
                131.05053,31.719078,0
                131.049143,31.719001,0
              </coordinates>
            </LinearRing>
          </outerBoundaryIs>
        </Polygon>
      </Placemark>
      <Placemark>
        <name>M069｜元区画105 141</name>
        <description><![CDATA[元区画: 105 141<br>統合方法: merged_adjacent_pair<br>紙地図の既存境界を保持]]></description>
        <styleUrl>#poly-FFA54E-2000-125</styleUrl>
        <Polygon>
          <outerBoundaryIs>
            <LinearRing>
              <tessellate>1</tessellate>
              <coordinates>
                131.080761,31.72037,0
                131.080762,31.719667,0
                131.081224,31.719667,0
                131.081225,31.719121,0
                131.081503,31.719042,0
                131.081504,31.718496,0
                131.081135,31.718028,0
                131.08086,31.716858,0
                131.082432,31.717012,0
                131.082886,31.720913,0
                131.081129,31.720915,0
                131.08113,31.720447,0
                131.080761,31.72037,0
              </coordinates>
            </LinearRing>
          </outerBoundaryIs>
        </Polygon>
      </Placemark>
      <Placemark>
        <name>M070｜元区画124 135</name>
        <description><![CDATA[元区画: 124 135<br>統合方法: merged_adjacent_pair<br>紙地図の既存境界を保持]]></description>
        <styleUrl>#poly-7AB955-2000-125</styleUrl>
        <Polygon>
          <outerBoundaryIs>
            <LinearRing>
              <tessellate>1</tessellate>
              <coordinates>
                131.069576,31.719056,0
                131.069576,31.718822,0
                131.070963,31.718976,0
                131.071334,31.718195,0
                131.071796,31.718273,0
                131.071798,31.717727,0
                131.073554,31.717881,0
                131.073458,31.719754,0
                131.06976,31.71968,0
                131.069576,31.719056,0
              </coordinates>
            </LinearRing>
          </outerBoundaryIs>
        </Polygon>
      </Placemark>
      <Placemark>
        <name>M071｜元区画122 127</name>
        <description><![CDATA[元区画: 122 127<br>統合方法: merged_adjacent_pair<br>紙地図の既存境界を保持]]></description>
        <styleUrl>#poly-5599FF-2000-125</styleUrl>
        <Polygon>
          <outerBoundaryIs>
            <LinearRing>
              <tessellate>1</tessellate>
              <coordinates>
                131.086124,31.719739,0
                131.086125,31.719427,0
                131.086587,31.719427,0
                131.086496,31.718646,0
                131.087699,31.718333,0
                131.087515,31.717787,0
                131.089734,31.717628,0
                131.089641,31.718175,0
                131.090103,31.718252,0
                131.090008,31.719423,0
                131.086679,31.719895,0
                131.086124,31.719739,0
              </coordinates>
            </LinearRing>
          </outerBoundaryIs>
        </Polygon>
      </Placemark>
      <Placemark>
        <name>M072｜元区画128 143</name>
        <description><![CDATA[元区画: 128 143<br>統合方法: merged_adjacent_pair<br>紙地図の既存境界を保持]]></description>
        <styleUrl>#poly-507FFF-2000-125</styleUrl>
        <Polygon>
          <outerBoundaryIs>
            <LinearRing>
              <tessellate>1</tessellate>
              <coordinates>
                131.093524,31.718326,0
                131.093709,31.718014,0
                131.094634,31.717857,0
                131.094635,31.717545,0
                131.095651,31.717778,0
                131.096392,31.717543,0
                131.09639,31.718479,0
                131.095927,31.718714,0
                131.095926,31.71926,0
                131.095556,31.719416,0
                131.094723,31.719495,0
                131.094632,31.718871,0
                131.0938,31.71895,0
                131.093524,31.718326,0
              </coordinates>
            </LinearRing>
          </outerBoundaryIs>
        </Polygon>
      </Placemark>
      <Placemark>
        <name>M073｜元区画126 147</name>
        <description><![CDATA[元区画: 126 147<br>統合方法: merged_adjacent_pair<br>紙地図の既存境界を保持]]></description>
        <styleUrl>#poly-FFA54E-2000-125</styleUrl>
        <Polygon>
          <outerBoundaryIs>
            <LinearRing>
              <tessellate>1</tessellate>
              <coordinates>
                131.082429,31.718183,0
                131.082432,31.717012,0
                131.083911,31.717011,0
                131.084281,31.716854,0
                131.084833,31.71818,0
                131.084739,31.718804,0
                131.084924,31.71896,0
                131.085387,31.718804,0
                131.085478,31.719584,0
                131.082704,31.719275,0
                131.082429,31.718183,0
              </coordinates>
            </LinearRing>
          </outerBoundaryIs>
        </Polygon>
      </Placemark>
      <Placemark>
        <name>M074｜元区画131</name>
        <description><![CDATA[元区画: 131<br>統合方法: retained_single_cell<br>紙地図の既存境界を保持]]></description>
        <styleUrl>#poly-7AB955-2000-125</styleUrl>
        <Polygon>
          <outerBoundaryIs>
            <LinearRing>
              <tessellate>1</tessellate>
              <coordinates>
                131.058668,31.717976,0
                131.058853,31.717742,0
                131.059408,31.717663,0
                131.060888,31.717661,0
                131.060977,31.719066,0
                131.059128,31.71938,0
                131.058945,31.718288,0
                131.058668,31.717976,0
              </coordinates>
            </LinearRing>
          </outerBoundaryIs>
        </Polygon>
      </Placemark>
      <Placemark>
        <name>M075｜元区画133</name>
        <description><![CDATA[元区画: 133<br>統合方法: retained_single_cell<br>紙地図の既存境界を保持]]></description>
        <styleUrl>#poly-5599FF-2000-125</styleUrl>
        <Polygon>
          <outerBoundaryIs>
            <LinearRing>
              <tessellate>1</tessellate>
              <coordinates>
                131.090008,31.719345,0
                131.090196,31.717784,0
                131.091398,31.717782,0
                131.091399,31.717392,0
                131.091954,31.717236,0
                131.092231,31.717469,0
                131.092786,31.717469,0
                131.092785,31.717859,0
                131.090933,31.719344,0
                131.090008,31.719345,0
              </coordinates>
            </LinearRing>
          </outerBoundaryIs>
        </Polygon>
      </Placemark>
      <Placemark>
        <name>M076｜元区画129 132</name>
        <description><![CDATA[元区画: 129 132<br>統合方法: merged_adjacent_pair<br>紙地図の既存境界を保持]]></description>
        <styleUrl>#poly-507FFF-2000-125</styleUrl>
        <Polygon>
          <outerBoundaryIs>
            <LinearRing>
              <tessellate>1</tessellate>
              <coordinates>
                131.073459,31.719286,0
                131.073461,31.718271,0
                131.074298,31.715695,0
                131.074575,31.716007,0
                131.074756,31.717723,0
                131.075588,31.717722,0
                131.077067,31.718111,0
                131.077065,31.718891,0
                131.076972,31.719282,0
                131.07651,31.71936,0
                131.07429,31.719441,0
                131.073459,31.719286,0
              </coordinates>
            </LinearRing>
          </outerBoundaryIs>
        </Polygon>
      </Placemark>
      <Placemark>
        <name>M077｜元区画117 150</name>
        <description><![CDATA[元区画: 117 150<br>統合方法: merged_adjacent_pair<br>紙地図の既存境界を保持]]></description>
        <styleUrl>#poly-FFA54E-2000-125</styleUrl>
        <Polygon>
          <outerBoundaryIs>
            <LinearRing>
              <tessellate>1</tessellate>
              <coordinates>
                131.04147,31.718542,0
                131.041655,31.718307,0
                131.042765,31.718072,0
                131.043044,31.717525,0
                131.04434,31.716744,0
                131.044986,31.717289,0
                131.045444,31.719395,0
                131.042669,31.720179,0
                131.042669,31.720023,0
                131.042207,31.719867,0
                131.0423,31.719477,0
                131.042116,31.719243,0
                131.041838,31.719243,0
                131.041931,31.718931,0
                131.04147,31.718542,0
              </coordinates>
            </LinearRing>
          </outerBoundaryIs>
        </Polygon>
      </Placemark>
      <Placemark>
        <name>M078｜元区画118 121</name>
        <description><![CDATA[元区画: 118 121<br>統合方法: merged_adjacent_pair<br>紙地図の既存境界を保持]]></description>
        <styleUrl>#poly-7AB955-2000-125</styleUrl>
        <Polygon>
          <outerBoundaryIs>
            <LinearRing>
              <tessellate>1</tessellate>
              <coordinates>
                131.052193,31.719388,0
                131.052473,31.718217,0
                131.053308,31.716968,0
                131.053863,31.716499,0
                131.05562,31.716185,0
                131.055711,31.717043,0
                131.056266,31.716964,0
                131.056445,31.719929,0
                131.052193,31.719388,0
              </coordinates>
            </LinearRing>
          </outerBoundaryIs>
        </Polygon>
      </Placemark>
      <Placemark>
        <name>M079｜元区画125 151</name>
        <description><![CDATA[元区画: 125 151<br>統合方法: merged_adjacent_pair<br>紙地図の既存境界を保持]]></description>
        <styleUrl>#poly-5599FF-2000-125</styleUrl>
        <Polygon>
          <outerBoundaryIs>
            <LinearRing>
              <tessellate>1</tessellate>
              <coordinates>
                131.084373,31.717166,0
                131.084373,31.716854,0
                131.084744,31.716698,0
                131.085113,31.716697,0
                131.08539,31.717165,0
                131.086684,31.717164,0
                131.087332,31.716773,0
                131.087239,31.717241,0
                131.087699,31.718333,0
                131.086496,31.718646,0
                131.086587,31.719427,0
                131.086125,31.719427,0
                131.086124,31.719739,0
                131.085477,31.719662,0
                131.085387,31.718804,0
                131.084832,31.71896,0
                131.084739,31.718804,0
                131.084833,31.71818,0
                131.084373,31.717166,0
              </coordinates>
            </LinearRing>
          </outerBoundaryIs>
        </Polygon>
      </Placemark>
      <Placemark>
        <name>M080｜元区画130 149</name>
        <description><![CDATA[元区画: 130 149<br>統合方法: merged_adjacent_pair<br>紙地図の既存境界を保持]]></description>
        <styleUrl>#poly-507FFF-2000-125</styleUrl>
        <Polygon>
          <outerBoundaryIs>
            <LinearRing>
              <tessellate>1</tessellate>
              <coordinates>
                131.096298,31.718011,0
                131.096484,31.717309,0
                131.097409,31.717151,0
                131.097411,31.716293,0
                131.09833,31.719257,0
                131.097312,31.71957,0
                131.097314,31.7184,0
                131.096482,31.718557,0
                131.096298,31.718011,0
              </coordinates>
            </LinearRing>
          </outerBoundaryIs>
        </Polygon>
      </Placemark>
      <Placemark>
        <name>M081｜元区画138 159</name>
        <description><![CDATA[元区画: 138 159<br>統合方法: merged_adjacent_pair<br>紙地図の既存境界を保持]]></description>
        <styleUrl>#poly-FFA54E-2000-125</styleUrl>
        <Polygon>
          <outerBoundaryIs>
            <LinearRing>
              <tessellate>1</tessellate>
              <coordinates>
                131.091766,31.718796,0
                131.09223,31.718172,0
                131.092785,31.717859,0
                131.092511,31.716143,0
                131.093806,31.716063,0
                131.093989,31.716921,0
                131.094451,31.716921,0
                131.094634,31.717857,0
                131.093524,31.718092,0
                131.0938,31.718872,0
                131.093615,31.719028,0
                131.092505,31.719108,0
                131.092413,31.718874,0
                131.092136,31.71903,0
                131.091766,31.718796,0
              </coordinates>
            </LinearRing>
          </outerBoundaryIs>
        </Polygon>
      </Placemark>
      <Placemark>
        <name>M082｜元区画144 158</name>
        <description><![CDATA[元区画: 144 158<br>統合方法: merged_adjacent_pair<br>紙地図の既存境界を保持]]></description>
        <styleUrl>#poly-7AB955-2000-125</styleUrl>
        <Polygon>
          <outerBoundaryIs>
            <LinearRing>
              <tessellate>1</tessellate>
              <coordinates>
                131.069117,31.71734,0
                131.069117,31.717106,0
                131.069302,31.717105,0
                131.070134,31.717495,0
                131.070873,31.717572,0
                131.071061,31.716323,0
                131.073926,31.716632,0
                131.073646,31.717881,0
                131.071798,31.717727,0
                131.071796,31.718273,0
                131.071242,31.718274,0
                131.071241,31.718664,0
                131.070963,31.718976,0
                131.069576,31.718822,0
                131.069117,31.71734,0
              </coordinates>
            </LinearRing>
          </outerBoundaryIs>
        </Polygon>
      </Placemark>
      <Placemark>
        <name>M083｜元区画140</name>
        <description><![CDATA[元区画: 140<br>統合方法: retained_single_cell<br>紙地図の既存境界を保持]]></description>
        <styleUrl>#poly-5599FF-2000-125</styleUrl>
        <Polygon>
          <outerBoundaryIs>
            <LinearRing>
              <tessellate>1</tessellate>
              <coordinates>
                131.077067,31.718111,0
                131.077162,31.71694,0
                131.077347,31.716784,0
                131.077256,31.716004,0
                131.080122,31.716079,0
                131.080399,31.716156,0
                131.080398,31.716781,0
                131.08086,31.716858,0
                131.081135,31.718028,0
                131.081504,31.718496,0
                131.081503,31.719042,0
                131.078731,31.718343,0
                131.078546,31.718109,0
                131.077806,31.718266,0
                131.077067,31.718111,0
              </coordinates>
            </LinearRing>
          </outerBoundaryIs>
        </Polygon>
      </Placemark>
      <Placemark>
        <name>M084｜元区画148 156</name>
        <description><![CDATA[元区画: 148 156<br>統合方法: merged_adjacent_pair<br>紙地図の既存境界を保持]]></description>
        <styleUrl>#poly-507FFF-2000-125</styleUrl>
        <Polygon>
          <outerBoundaryIs>
            <LinearRing>
              <tessellate>1</tessellate>
              <coordinates>
                131.061997,31.717972,0
                131.062093,31.716177,0
                131.06385,31.715551,0
                131.065049,31.7175,0
                131.065139,31.718359,0
                131.063567,31.718673,0
                131.063568,31.71797,0
                131.061997,31.717972,0
              </coordinates>
            </LinearRing>
          </outerBoundaryIs>
        </Polygon>
      </Placemark>
      <Placemark>
        <name>M085｜元区画160 169</name>
        <description><![CDATA[元区画: 160 169<br>統合方法: merged_adjacent_pair<br>紙地図の既存境界を保持]]></description>
        <styleUrl>#poly-FFA54E-2000-125</styleUrl>
        <Polygon>
          <outerBoundaryIs>
            <LinearRing>
              <tessellate>1</tessellate>
              <coordinates>
                131.094451,31.717155,0
                131.094544,31.716764,0
                131.095098,31.71692,0
                131.095098,31.717076,0
                131.095283,31.716998,0
                131.095007,31.716452,0
                131.096671,31.716372,0
                131.096669,31.717308,0
                131.096206,31.717621,0
                131.095374,31.717778,0
                131.095097,31.717544,0
                131.094635,31.717545,0
                131.094451,31.717155,0
              </coordinates>
            </LinearRing>
          </outerBoundaryIs>
        </Polygon>
      </Placemark>
      <Placemark>
        <name>M086｜元区画146 164</name>
        <description><![CDATA[元区画: 146 164<br>統合方法: merged_adjacent_pair<br>紙地図の既存境界を保持]]></description>
        <styleUrl>#poly-7AB955-2000-125</styleUrl>
        <Polygon>
          <outerBoundaryIs>
            <LinearRing>
              <tessellate>1</tessellate>
              <coordinates>
                131.046375,31.715883,0
                131.046376,31.715337,0
                131.047116,31.715258,0
                131.047117,31.714634,0
                131.048319,31.714632,0
                131.04989,31.715021,0
                131.049702,31.716659,0
                131.050531,31.718453,0
                131.049328,31.718689,0
                131.049143,31.719001,0
                131.047386,31.719081,0
                131.047204,31.717443,0
                131.047482,31.717442,0
                131.047483,31.717052,0
                131.047113,31.716975,0
                131.047115,31.716116,0
                131.046375,31.715883,0
              </coordinates>
            </LinearRing>
          </outerBoundaryIs>
        </Polygon>
      </Placemark>
      <Placemark>
        <name>M087｜元区画152 161</name>
        <description><![CDATA[元区画: 152 161<br>統合方法: merged_adjacent_pair<br>紙地図の既存境界を保持]]></description>
        <styleUrl>#poly-5599FF-2000-125</styleUrl>
        <Polygon>
          <outerBoundaryIs>
            <LinearRing>
              <tessellate>1</tessellate>
              <coordinates>
                131.040087,31.716748,0
                131.04018,31.71628,0
                131.043325,31.71534,0
                131.044247,31.716822,0
                131.043044,31.717525,0
                131.042765,31.718072,0
                131.04147,31.718464,0
                131.041193,31.718386,0
                131.041102,31.717762,0
                131.040825,31.717606,0
                131.040549,31.716904,0
                131.040087,31.716748,0
              </coordinates>
            </LinearRing>
          </outerBoundaryIs>
        </Polygon>
      </Placemark>
      <Placemark>
        <name>M088｜元区画153 170</name>
        <description><![CDATA[元区画: 153 170<br>統合方法: merged_adjacent_pair<br>紙地図の既存境界を保持]]></description>
        <styleUrl>#poly-507FFF-2000-125</styleUrl>
        <Polygon>
          <outerBoundaryIs>
            <LinearRing>
              <tessellate>1</tessellate>
              <coordinates>
                131.05562,31.716575,0
                131.05562,31.716185,0
                131.057471,31.71548,0
                131.05812,31.714777,0
                131.058213,31.714387,0
                131.058675,31.714308,0
                131.05858,31.715635,0
                131.058858,31.715635,0
                131.058858,31.715401,0
                131.059228,31.7154,0
                131.059411,31.716492,0
                131.058579,31.716493,0
                131.058485,31.716806,0
                131.060797,31.716725,0
                131.060888,31.717661,0
                131.056912,31.7179,0
                131.056356,31.718369,0
                131.056266,31.716964,0
                131.055711,31.717043,0
                131.05562,31.716575,0
              </coordinates>
            </LinearRing>
          </outerBoundaryIs>
        </Polygon>
      </Placemark>
      <Placemark>
        <name>M089｜元区画168 179</name>
        <description><![CDATA[元区画: 168 179<br>統合方法: merged_adjacent_pair<br>紙地図の既存境界を保持]]></description>
        <styleUrl>#poly-FFA54E-2000-125</styleUrl>
        <Polygon>
          <outerBoundaryIs>
            <LinearRing>
              <tessellate>1</tessellate>
              <coordinates>
                131.093805,31.716453,0
                131.093806,31.715985,0
                131.095378,31.715827,0
                131.095469,31.716373,0
                131.095007,31.716452,0
                131.095284,31.716764,0
                131.095191,31.717076,0
                131.094821,31.716764,0
                131.093989,31.716921,0
                131.093805,31.716453,0
              </coordinates>
            </LinearRing>
          </outerBoundaryIs>
        </Polygon>
      </Placemark>
      <Placemark>
        <name>M090｜元区画137 175</name>
        <description><![CDATA[元区画: 137 175<br>統合方法: merged_adjacent_pair<br>紙地図の既存境界を保持]]></description>
        <styleUrl>#poly-7AB955-2000-125</styleUrl>
        <Polygon>
          <outerBoundaryIs>
            <LinearRing>
              <tessellate>1</tessellate>
              <coordinates>
                131.043325,31.715418,0
                131.043325,31.715262,0
                131.045361,31.714714,0
                131.047117,31.714634,0
                131.047116,31.715258,0
                131.046376,31.715337,0
                131.046375,31.715883,0
                131.047115,31.716116,0
                131.047113,31.716975,0
                131.047483,31.717052,0
                131.047482,31.717442,0
                131.047204,31.717443,0
                131.047293,31.719237,0
                131.047016,31.719082,0
                131.046831,31.719394,0
                131.046739,31.71916,0
                131.046369,31.71916,0
                131.045444,31.719395,0
                131.044986,31.717289,0
                131.043878,31.716432,0
                131.043325,31.715418,0
              </coordinates>
            </LinearRing>
          </outerBoundaryIs>
        </Polygon>
      </Placemark>
      <Placemark>
        <name>M091｜元区画154 178</name>
        <description><![CDATA[元区画: 154 178<br>統合方法: merged_adjacent_pair<br>紙地図の既存境界を保持]]></description>
        <styleUrl>#poly-5599FF-2000-125</styleUrl>
        <Polygon>
          <outerBoundaryIs>
            <LinearRing>
              <tessellate>1</tessellate>
              <coordinates>
                131.087239,31.717241,0
                131.087239,31.717007,0
                131.088165,31.716226,0
                131.088627,31.716459,0
                131.088998,31.716147,0
                131.090758,31.714272,0
                131.090849,31.715286,0
                131.090103,31.718252,0
                131.089641,31.718175,0
                131.089734,31.717628,0
                131.087515,31.717787,0
                131.087239,31.717241,0
              </coordinates>
            </LinearRing>
          </outerBoundaryIs>
        </Polygon>
      </Placemark>
      <Placemark>
        <name>M092｜元区画157 181</name>
        <description><![CDATA[元区画: 157 181<br>統合方法: merged_adjacent_pair<br>紙地図の既存境界を保持]]></description>
        <styleUrl>#poly-507FFF-2000-125</styleUrl>
        <Polygon>
          <outerBoundaryIs>
            <LinearRing>
              <tessellate>1</tessellate>
              <coordinates>
                131.090196,31.717784,0
                131.090849,31.715208,0
                131.09242,31.715206,0
                131.09242,31.715674,0
                131.093714,31.715595,0
                131.093806,31.716063,0
                131.092511,31.716143,0
                131.092694,31.717391,0
                131.092231,31.717469,0
                131.091954,31.717236,0
                131.091399,31.717392,0
                131.091398,31.717782,0
                131.090196,31.717784,0
              </coordinates>
            </LinearRing>
          </outerBoundaryIs>
        </Polygon>
      </Placemark>
      <Placemark>
        <name>M093｜元区画162 172</name>
        <description><![CDATA[元区画: 162 172<br>統合方法: merged_adjacent_pair<br>紙地図の既存境界を保持]]></description>
        <styleUrl>#poly-FFA54E-2000-125</styleUrl>
        <Polygon>
          <outerBoundaryIs>
            <LinearRing>
              <tessellate>1</tessellate>
              <coordinates>
                131.068659,31.715233,0
                131.06866,31.714843,0
                131.069215,31.714764,0
                131.069306,31.715155,0
                131.071247,31.715386,0
                131.070873,31.717572,0
                131.069117,31.717106,0
                131.068659,31.715233,0
              </coordinates>
            </LinearRing>
          </outerBoundaryIs>
        </Polygon>
      </Placemark>
      <Placemark>
        <name>M094｜元区画165 182</name>
        <description><![CDATA[元区画: 165 182<br>統合方法: merged_adjacent_pair<br>紙地図の既存境界を保持]]></description>
        <styleUrl>#poly-7AB955-2000-125</styleUrl>
        <Polygon>
          <outerBoundaryIs>
            <LinearRing>
              <tessellate>1</tessellate>
              <coordinates>
                131.095377,31.716061,0
                131.095378,31.715827,0
                131.095655,31.715749,0
                131.09732,31.715513,0
                131.097409,31.717151,0
                131.096669,31.717308,0
                131.096671,31.716372,0
                131.095469,31.716373,0
                131.095377,31.716061,0
              </coordinates>
            </LinearRing>
          </outerBoundaryIs>
        </Polygon>
      </Placemark>
      <Placemark>
        <name>M095｜元区画163</name>
        <description><![CDATA[元区画: 163<br>統合方法: retained_single_cell<br>紙地図の既存境界を保持]]></description>
        <styleUrl>#poly-5599FF-2000-125</styleUrl>
        <Polygon>
          <outerBoundaryIs>
            <LinearRing>
              <tessellate>1</tessellate>
              <coordinates>
                131.06385,31.715629,0
                131.063851,31.715473,0
                131.067551,31.714532,0
                131.068008,31.717029,0
                131.066621,31.71703,0
                131.064956,31.7175,0
                131.06385,31.715629,0
              </coordinates>
            </LinearRing>
          </outerBoundaryIs>
        </Polygon>
      </Placemark>
      <Placemark>
        <name>M096｜元区画177</name>
        <description><![CDATA[元区画: 177<br>統合方法: retained_single_cell<br>紙地図の既存境界を保持]]></description>
        <styleUrl>#poly-507FFF-2000-125</styleUrl>
        <Polygon>
          <outerBoundaryIs>
            <LinearRing>
              <tessellate>1</tessellate>
              <coordinates>
                131.071061,31.716323,0
                131.071434,31.714372,0
                131.074022,31.714681,0
                131.074205,31.715851,0
                131.073926,31.716632,0
                131.071061,31.716323,0
              </coordinates>
            </LinearRing>
          </outerBoundaryIs>
        </Polygon>
      </Placemark>
      <Placemark>
        <name>M097｜元区画176</name>
        <description><![CDATA[元区画: 176<br>統合方法: retained_single_cell<br>紙地図の既存境界を保持]]></description>
        <styleUrl>#poly-FFA54E-2000-125</styleUrl>
        <Polygon>
          <outerBoundaryIs>
            <LinearRing>
              <tessellate>1</tessellate>
              <coordinates>
                131.060248,31.714072,0
                131.060525,31.713994,0
                131.061634,31.714461,0
                131.063758,31.715551,0
                131.060797,31.716647,0
                131.060799,31.715554,0
                131.060248,31.714072,0
              </coordinates>
            </LinearRing>
          </outerBoundaryIs>
        </Polygon>
      </Placemark>
      <Placemark>
        <name>M098｜元区画166</name>
        <description><![CDATA[元区画: 166<br>統合方法: retained_single_cell<br>紙地図の既存境界を保持]]></description>
        <styleUrl>#poly-7AB955-2000-125</styleUrl>
        <Polygon>
          <outerBoundaryIs>
            <LinearRing>
              <tessellate>1</tessellate>
              <coordinates>
                131.082432,31.717012,0
                131.082716,31.713423,0
                131.087431,31.713651,0
                131.087984,31.714275,0
                131.08928,31.713883,0
                131.090295,31.714662,0
                131.088627,31.716459,0
                131.088165,31.716226,0
                131.087517,31.716851,0
                131.087147,31.716773,0
                131.086684,31.717164,0
                131.08539,31.717165,0
                131.085113,31.716697,0
                131.083911,31.717011,0
                131.082432,31.717012,0
              </coordinates>
            </LinearRing>
          </outerBoundaryIs>
        </Polygon>
      </Placemark>
      <Placemark>
        <name>M099｜元区画167 191</name>
        <description><![CDATA[元区画: 167 191<br>統合方法: merged_adjacent_pair<br>紙地図の既存境界を保持]]></description>
        <styleUrl>#poly-5599FF-2000-125</styleUrl>
        <Polygon>
          <outerBoundaryIs>
            <LinearRing>
              <tessellate>1</tessellate>
              <coordinates>
                131.06755,31.714688,0
                131.067551,31.714532,0
                131.068013,31.714376,0
                131.071528,31.713591,0
                131.071247,31.715386,0
                131.069306,31.715155,0
                131.069215,31.714764,0
                131.06866,31.714843,0
                131.069117,31.717106,0
                131.068008,31.717029,0
                131.06755,31.714688,0
              </coordinates>
            </LinearRing>
          </outerBoundaryIs>
        </Polygon>
      </Placemark>
      <Placemark>
        <name>M100｜元区画184 185</name>
        <description><![CDATA[元区画: 184 185<br>統合方法: merged_adjacent_pair<br>紙地図の既存境界を保持]]></description>
        <styleUrl>#poly-507FFF-2000-125</styleUrl>
        <Polygon>
          <outerBoundaryIs>
            <LinearRing>
              <tessellate>1</tessellate>
              <coordinates>
                131.093713,31.715985,0
                131.093717,31.71419,0
                131.096583,31.714109,0
                131.096582,31.714577,0
                131.09723,31.714577,0
                131.09732,31.715513,0
                131.094638,31.715984,0
                131.093713,31.715985,0
              </coordinates>
            </LinearRing>
          </outerBoundaryIs>
        </Polygon>
      </Placemark>
      <Placemark>
        <name>M101｜元区画183 186</name>
        <description><![CDATA[元区画: 183 186<br>統合方法: merged_adjacent_pair<br>紙地図の既存境界を保持]]></description>
        <styleUrl>#poly-FFA54E-2000-125</styleUrl>
        <Polygon>
          <outerBoundaryIs>
            <LinearRing>
              <tessellate>1</tessellate>
              <coordinates>
                131.03935,31.715267,0
                131.03935,31.714955,0
                131.043422,31.713311,0
                131.044254,31.713388,0
                131.044901,31.713232,0
                131.044714,31.714324,0
                131.044899,31.714558,0
                131.045453,31.714557,0
                131.04536,31.714792,0
                131.04277,31.715419,0
                131.04018,31.716358,0
                131.039903,31.716202,0
                131.039811,31.715734,0
                131.039534,31.715657,0
                131.039535,31.715266,0
                131.03935,31.715267,0
              </coordinates>
            </LinearRing>
          </outerBoundaryIs>
        </Polygon>
      </Placemark>
      <Placemark>
        <name>M102｜元区画174 188</name>
        <description><![CDATA[元区画: 174 188<br>統合方法: merged_adjacent_pair<br>紙地図の既存境界を保持]]></description>
        <styleUrl>#poly-7AB955-2000-125</styleUrl>
        <Polygon>
          <outerBoundaryIs>
            <LinearRing>
              <tessellate>1</tessellate>
              <coordinates>
                131.058305,31.714309,0
                131.059235,31.711733,0
                131.059792,31.710874,0
                131.059976,31.710873,0
                131.060253,31.711341,0
                131.060248,31.714072,0
                131.060799,31.715554,0
                131.060797,31.716725,0
                131.058485,31.716806,0
                131.058579,31.716493,0
                131.059411,31.716492,0
                131.059412,31.71579,0
                131.059228,31.7154,0
                131.058858,31.715401,0
                131.058858,31.715635,0
                131.05858,31.715635,0
                131.058675,31.714308,0
                131.058305,31.714309,0
              </coordinates>
            </LinearRing>
          </outerBoundaryIs>
        </Polygon>
      </Placemark>
      <Placemark>
        <name>M103｜元区画189 192</name>
        <description><![CDATA[元区画: 189 192<br>統合方法: merged_adjacent_pair<br>紙地図の既存境界を保持]]></description>
        <styleUrl>#poly-5599FF-2000-125</styleUrl>
        <Polygon>
          <outerBoundaryIs>
            <LinearRing>
              <tessellate>1</tessellate>
              <coordinates>
                131.06265,31.715006,0
                131.062745,31.713679,0
                131.065611,31.71352,0
                131.065608,31.715081,0
                131.063758,31.715551,0
                131.06265,31.715006,0
              </coordinates>
            </LinearRing>
          </outerBoundaryIs>
        </Polygon>
      </Placemark>
      <Placemark>
        <name>M104｜元区画187 203</name>
        <description><![CDATA[元区画: 187 203<br>統合方法: merged_adjacent_pair<br>紙地図の既存境界を保持]]></description>
        <styleUrl>#poly-507FFF-2000-125</styleUrl>
        <Polygon>
          <outerBoundaryIs>
            <LinearRing>
              <tessellate>1</tessellate>
              <coordinates>
                131.090756,31.715208,0
                131.090758,31.714116,0
                131.091314,31.713647,0
                131.093163,31.713645,0
                131.093811,31.713098,0
                131.094921,31.712941,0
                131.095291,31.713096,0
                131.09529,31.713642,0
                131.096584,31.713641,0
                131.096583,31.714109,0
                131.093717,31.71419,0
                131.093714,31.715595,0
                131.09242,31.715674,0
                131.09242,31.715206,0
                131.090756,31.715208,0
              </coordinates>
            </LinearRing>
          </outerBoundaryIs>
        </Polygon>
      </Placemark>
      <Placemark>
        <name>M105｜元区画194 200</name>
        <description><![CDATA[元区画: 194 200<br>統合方法: merged_adjacent_pair<br>紙地図の既存境界を保持]]></description>
        <styleUrl>#poly-FFA54E-2000-125</styleUrl>
        <Polygon>
          <outerBoundaryIs>
            <LinearRing>
              <tessellate>1</tessellate>
              <coordinates>
                131.06561,31.713988,0
                131.065611,31.71352,0
                131.065889,31.713442,0
                131.068478,31.713205,0
                131.068568,31.714297,0
                131.068383,31.714375,0
                131.065701,31.715003,0
                131.06561,31.713988,0
              </coordinates>
            </LinearRing>
          </outerBoundaryIs>
        </Polygon>
      </Placemark>
      <Placemark>
        <name>M106｜元区画173 197</name>
        <description><![CDATA[元区画: 173 197<br>統合方法: merged_adjacent_pair<br>紙地図の既存境界を保持]]></description>
        <styleUrl>#poly-7AB955-2000-125</styleUrl>
        <Polygon>
          <outerBoundaryIs>
            <LinearRing>
              <tessellate>1</tessellate>
              <coordinates>
                131.044533,31.712374,0
                131.044533,31.712218,0
                131.045274,31.711983,0
                131.048325,31.711979,0
                131.048416,31.712291,0
                131.049064,31.712368,0
                131.049617,31.712992,0
                131.051282,31.712444,0
                131.051558,31.713224,0
                131.052112,31.713535,0
                131.052667,31.713535,0
                131.052853,31.713222,0
                131.053592,31.713222,0
                131.05359,31.714392,0
                131.053958,31.715172,0
                131.053956,31.716499,0
                131.0534,31.716889,0
                131.051553,31.715643,0
                131.049428,31.714865,0
                131.048319,31.714632,0
                131.045453,31.714714,0
                131.045453,31.714557,0
                131.044899,31.714558,0
                131.044715,31.713778,0
                131.0449,31.713622,0
                131.044902,31.713075,0
                131.044533,31.712374,0
              </coordinates>
            </LinearRing>
          </outerBoundaryIs>
        </Polygon>
      </Placemark>
      <Placemark>
        <name>M107｜元区画180</name>
        <description><![CDATA[元区画: 180<br>統合方法: retained_single_cell<br>紙地図の既存境界を保持]]></description>
        <styleUrl>#poly-5599FF-2000-125</styleUrl>
        <Polygon>
          <outerBoundaryIs>
            <LinearRing>
              <tessellate>1</tessellate>
              <coordinates>
                131.05359,31.714392,0
                131.053687,31.712051,0
                131.056001,31.710722,0
                131.058863,31.712825,0
                131.058398,31.714231,0
                131.057749,31.715246,0
                131.056083,31.716106,0
                131.053956,31.716499,0
                131.053958,31.715172,0
                131.05359,31.714392,0
              </coordinates>
            </LinearRing>
          </outerBoundaryIs>
        </Polygon>
      </Placemark>
      <Placemark>
        <name>M108｜元区画195 208</name>
        <description><![CDATA[元区画: 195 208<br>統合方法: merged_adjacent_pair<br>紙地図の既存境界を保持]]></description>
        <styleUrl>#poly-507FFF-2000-125</styleUrl>
        <Polygon>
          <outerBoundaryIs>
            <LinearRing>
              <tessellate>1</tessellate>
              <coordinates>
                131.060802,31.71415,0
                131.060803,31.713682,0
                131.06182,31.71368,0
                131.061823,31.712276,0
                131.064227,31.712273,0
                131.064224,31.7136,0
                131.062745,31.713679,0
                131.062742,31.714928,0
                131.060802,31.71415,0
              </coordinates>
            </LinearRing>
          </outerBoundaryIs>
        </Polygon>
      </Placemark>
      <Placemark>
        <name>M109｜元区画202</name>
        <description><![CDATA[元区画: 202<br>統合方法: retained_single_cell<br>紙地図の既存境界を保持]]></description>
        <styleUrl>#poly-FFA54E-2000-125</styleUrl>
        <Polygon>
          <outerBoundaryIs>
            <LinearRing>
              <tessellate>1</tessellate>
              <coordinates>
                131.068476,31.713985,0
                131.06848,31.71219,0
                131.071439,31.712109,0
                131.071528,31.713591,0
                131.068661,31.714297,0
                131.068476,31.713985,0
              </coordinates>
            </LinearRing>
          </outerBoundaryIs>
        </Polygon>
      </Placemark>
      <Placemark>
        <name>M110｜元区画193</name>
        <description><![CDATA[元区画: 193<br>統合方法: retained_single_cell<br>紙地図の既存境界を保持]]></description>
        <styleUrl>#poly-7AB955-2000-125</styleUrl>
        <Polygon>
          <outerBoundaryIs>
            <LinearRing>
              <tessellate>1</tessellate>
              <coordinates>
                131.094553,31.712161,0
                131.094738,31.712004,0
                131.096217,31.712081,0
                131.096126,31.711613,0
                131.10001,31.710906,0
                131.100928,31.714494,0
                131.097321,31.715123,0
                131.09723,31.714577,0
                131.096582,31.714577,0
                131.096584,31.713641,0
                131.09529,31.713642,0
                131.095291,31.713096,0
                131.094736,31.712941,0
                131.094922,31.712394,0
                131.094553,31.712161,0
              </coordinates>
            </LinearRing>
          </outerBoundaryIs>
        </Polygon>
      </Placemark>
      <Placemark>
        <name>M111｜元区画145</name>
        <description><![CDATA[元区画: 145<br>統合方法: retained_single_cell<br>紙地図の既存境界を保持]]></description>
        <styleUrl>#poly-5599FF-2000-125</styleUrl>
        <Polygon>
          <outerBoundaryIs>
            <LinearRing>
              <tessellate>1</tessellate>
              <coordinates>
                131.097227,31.715903,0
                131.097321,31.715123,0
                131.100928,31.714494,0
                131.10001,31.710906,0
                131.109352,31.709101,0
                131.112496,31.709097,0
                131.11277,31.710735,0
                131.11323,31.711671,0
                131.113137,31.711905,0
                131.111935,31.712219,0
                131.111842,31.712453,0
                131.110917,31.712532,0
                131.110824,31.712766,0
                131.110547,31.712689,0
                131.110177,31.713001,0
                131.109622,31.713002,0
                131.109437,31.713236,0
                131.108882,31.713237,0
                131.108789,31.713471,0
                131.108234,31.713472,0
                131.107031,31.713941,0
                131.106846,31.714175,0
                131.106476,31.714098,0
                131.105366,31.714567,0
                131.10518,31.71488,0
                131.104718,31.71488,0
                131.104717,31.715192,0
                131.10444,31.715115,0
                131.103884,31.715661,0
                131.103607,31.715662,0
                131.103514,31.71613,0
                131.103144,31.716052,0
                131.103144,31.716208,0
                131.102681,31.716287,0
                131.102681,31.716521,0
                131.10194,31.716834,0
                131.10194,31.717068,0
                131.101478,31.717069,0
                131.101477,31.717303,0
                131.100922,31.71746,0
                131.100459,31.718006,0
                131.099534,31.718319,0
                131.09944,31.718632,0
                131.099163,31.718554,0
                131.098238,31.719023,0
                131.097227,31.715903,0
              </coordinates>
            </LinearRing>
          </outerBoundaryIs>
        </Polygon>
      </Placemark>
      <Placemark>
        <name>M112｜元区画198 205</name>
        <description><![CDATA[元区画: 198 205<br>統合方法: merged_adjacent_pair<br>紙地図の既存境界を保持]]></description>
        <styleUrl>#poly-507FFF-2000-125</styleUrl>
        <Polygon>
          <outerBoundaryIs>
            <LinearRing>
              <tessellate>1</tessellate>
              <coordinates>
                131.089004,31.712869,0
                131.089004,31.712713,0
                131.089837,31.712634,0
                131.089932,31.711386,0
                131.092982,31.711616,0
                131.092982,31.71185,0
                131.090387,31.714662,0
                131.089187,31.713883,0
                131.089004,31.712869,0
              </coordinates>
            </LinearRing>
          </outerBoundaryIs>
        </Polygon>
      </Placemark>
      <Placemark>
        <name>M113｜元区画207</name>
        <description><![CDATA[元区画: 207<br>統合方法: retained_single_cell<br>紙地図の既存境界を保持]]></description>
        <styleUrl>#poly-FFA54E-2000-125</styleUrl>
        <Polygon>
          <outerBoundaryIs>
            <LinearRing>
              <tessellate>1</tessellate>
              <coordinates>
                131.091314,31.713647,0
                131.093075,31.711616,0
                131.094184,31.711771,0
                131.096218,31.711691,0
                131.096217,31.712081,0
                131.094553,31.712083,0
                131.094922,31.712394,0
                131.094922,31.712784,0
                131.093811,31.713098,0
                131.093163,31.713645,0
                131.091314,31.713647,0
              </coordinates>
            </LinearRing>
          </outerBoundaryIs>
        </Polygon>
      </Placemark>
      <Placemark>
        <name>M114｜元区画196 212</name>
        <description><![CDATA[元区画: 196 212<br>統合方法: merged_adjacent_pair<br>紙地図の既存境界を保持]]></description>
        <styleUrl>#poly-7AB955-2000-125</styleUrl>
        <Polygon>
          <outerBoundaryIs>
            <LinearRing>
              <tessellate>1</tessellate>
              <coordinates>
                131.037138,31.71168,0
                131.037323,31.711367,0
                131.038711,31.71121,0
                131.040561,31.710505,0
                131.041668,31.711987,0
                131.041943,31.712845,0
                131.040001,31.713471,0
                131.039908,31.713627,0
                131.040368,31.714563,0
                131.039258,31.715033,0
                131.038982,31.714409,0
                131.038612,31.714253,0
                131.038613,31.713941,0
                131.038151,31.713785,0
                131.038244,31.713473,0
                131.037874,31.713318,0
                131.037875,31.712927,0
                131.037598,31.712772,0
                131.037414,31.712226,0
                131.037229,31.712226,0
                131.037138,31.71168,0
              </coordinates>
            </LinearRing>
          </outerBoundaryIs>
        </Polygon>
      </Placemark>
      <Placemark>
        <name>M115｜元区画209 211</name>
        <description><![CDATA[元区画: 209 211<br>統合方法: merged_adjacent_pair<br>紙地図の既存境界を保持]]></description>
        <styleUrl>#poly-5599FF-2000-125</styleUrl>
        <Polygon>
          <outerBoundaryIs>
            <LinearRing>
              <tessellate>1</tessellate>
              <coordinates>
                131.063672,31.712274,0
                131.063674,31.711181,0
                131.065523,31.711179,0
                131.065615,31.711647,0
                131.067002,31.711646,0
                131.067001,31.712192,0
                131.06848,31.71219,0
                131.068478,31.713205,0
                131.064224,31.7136,0
                131.064227,31.712273,0
                131.063672,31.712274,0
              </coordinates>
            </LinearRing>
          </outerBoundaryIs>
        </Polygon>
      </Placemark>
      <Placemark>
        <name>M116｜元区画201 206</name>
        <description><![CDATA[元区画: 201 206<br>統合方法: merged_adjacent_pair<br>紙地図の既存境界を保持]]></description>
        <styleUrl>#poly-507FFF-2000-125</styleUrl>
        <Polygon>
          <outerBoundaryIs>
            <LinearRing>
              <tessellate>1</tessellate>
              <coordinates>
                131.082808,31.713422,0
                131.082906,31.711003,0
                131.084108,31.711002,0
                131.084569,31.711314,0
                131.085216,31.711391,0
                131.085493,31.711547,0
                131.08577,31.712171,0
                131.086971,31.712559,0
                131.087343,31.71131,0
                131.086234,31.711234,0
                131.086423,31.708736,0
                131.08892,31.708812,0
                131.089472,31.710138,0
                131.08873,31.711309,0
                131.089932,31.711386,0
                131.089837,31.712634,0
                131.089004,31.712713,0
                131.089094,31.713962,0
                131.087984,31.714275,0
                131.087431,31.713651,0
                131.082808,31.713422,0
              </coordinates>
            </LinearRing>
          </outerBoundaryIs>
        </Polygon>
      </Placemark>
      <Placemark>
        <name>M117｜元区画199 219</name>
        <description><![CDATA[元区画: 199 219<br>統合方法: merged_adjacent_pair<br>紙地図の既存境界を保持]]></description>
        <styleUrl>#poly-FFA54E-2000-125</styleUrl>
        <Polygon>
          <outerBoundaryIs>
            <LinearRing>
              <tessellate>1</tessellate>
              <coordinates>
                131.039731,31.709726,0
                131.043429,31.709644,0
                131.04417,31.709019,0
                131.046019,31.70886,0
                131.046477,31.710967,0
                131.043519,31.711126,0
                131.043425,31.711438,0
                131.043701,31.712218,0
                131.044533,31.712218,0
                131.044901,31.713232,0
                131.044254,31.713388,0
                131.043422,31.713311,0
                131.042589,31.713546,0
                131.042404,31.713781,0
                131.040368,31.714563,0
                131.039908,31.713549,0
                131.041851,31.712923,0
                131.041944,31.712689,0
                131.040746,31.710661,0
                131.039731,31.709726,0
              </coordinates>
            </LinearRing>
          </outerBoundaryIs>
        </Polygon>
      </Placemark>
      <Placemark>
        <name>M118｜元区画215 217</name>
        <description><![CDATA[元区画: 215 217<br>統合方法: merged_adjacent_pair<br>紙地図の既存境界を保持]]></description>
        <styleUrl>#poly-7AB955-2000-125</styleUrl>
        <Polygon>
          <outerBoundaryIs>
            <LinearRing>
              <tessellate>1</tessellate>
              <coordinates>
                131.043425,31.711438,0
                131.043519,31.711126,0
                131.047125,31.710966,0
                131.048698,31.710106,0
                131.048976,31.710106,0
                131.049437,31.710495,0
                131.049248,31.712524,0
                131.048416,31.712291,0
                131.048325,31.711979,0
                131.045274,31.711983,0
                131.043794,31.712296,0
                131.043425,31.711438,0
              </coordinates>
            </LinearRing>
          </outerBoundaryIs>
        </Polygon>
      </Placemark>
      <Placemark>
        <name>M119｜元区画210 222</name>
        <description><![CDATA[元区画: 210 222<br>統合方法: merged_adjacent_pair<br>紙地図の既存境界を保持]]></description>
        <styleUrl>#poly-5599FF-2000-125</styleUrl>
        <Polygon>
          <outerBoundaryIs>
            <LinearRing>
              <tessellate>1</tessellate>
              <coordinates>
                131.049248,31.712602,0
                131.049437,31.710573,0
                131.049714,31.710573,0
                131.050175,31.711119,0
                131.05073,31.711274,0
                131.050915,31.71104,0
                131.050733,31.70987,0
                131.050918,31.709479,0
                131.054431,31.709787,0
                131.056001,31.710644,0
                131.055538,31.711113,0
                131.05415,31.71166,0
                131.053687,31.712051,0
                131.053592,31.713222,0
                131.052853,31.713222,0
                131.052667,31.713535,0
                131.051743,31.71338,0
                131.051282,31.712444,0
                131.050913,31.712444,0
                131.050635,31.712757,0
                131.049894,31.712992,0
                131.049617,31.712992,0
                131.049248,31.712602,0
              </coordinates>
            </LinearRing>
          </outerBoundaryIs>
        </Polygon>
      </Placemark>
      <Placemark>
        <name>M120｜元区画220</name>
        <description><![CDATA[元区画: 220<br>統合方法: retained_single_cell<br>紙地図の既存境界を保持]]></description>
        <styleUrl>#poly-507FFF-2000-125</styleUrl>
        <Polygon>
          <outerBoundaryIs>
            <LinearRing>
              <tessellate>1</tessellate>
              <coordinates>
                131.093167,31.711694,0
                131.094743,31.709741,0
                131.095573,31.710521,0
                131.096034,31.711379,0
                131.095941,31.711691,0
                131.095571,31.711769,0
                131.093167,31.711694,0
              </coordinates>
            </LinearRing>
          </outerBoundaryIs>
        </Polygon>
      </Placemark>
      <Placemark>
        <name>M121｜元区画204 216</name>
        <description><![CDATA[元区画: 204 216<br>統合方法: merged_adjacent_pair<br>紙地図の既存境界を保持]]></description>
        <styleUrl>#poly-FFA54E-2000-125</styleUrl>
        <Polygon>
          <outerBoundaryIs>
            <LinearRing>
              <tessellate>1</tessellate>
              <coordinates>
                131.059884,31.710874,0
                131.06044,31.710015,0
                131.061274,31.709389,0
                131.062939,31.708685,0
                131.06405,31.707982,0
                131.064977,31.706654,0
                131.065439,31.706966,0
                131.065523,31.711179,0
                131.063674,31.711181,0
                131.063672,31.712274,0
                131.061823,31.712276,0
                131.06182,31.71368,0
                131.060803,31.713682,0
                131.060802,31.71415,0
                131.060248,31.713994,0
                131.060253,31.711341,0
                131.059884,31.710874,0
              </coordinates>
            </LinearRing>
          </outerBoundaryIs>
        </Polygon>
      </Placemark>
      <Placemark>
        <name>M122｜元区画213</name>
        <description><![CDATA[元区画: 213<br>統合方法: retained_single_cell<br>紙地図の既存境界を保持]]></description>
        <styleUrl>#poly-7AB955-2000-125</styleUrl>
        <Polygon>
          <outerBoundaryIs>
            <LinearRing>
              <tessellate>1</tessellate>
              <coordinates>
                131.056093,31.7108,0
                131.056927,31.709862,0
                131.057022,31.708692,0
                131.05841,31.708222,0
                131.058872,31.7083,0
                131.059146,31.709938,0
                131.060071,31.709781,0
                131.06044,31.710015,0
                131.059235,31.711733,0
                131.058863,31.712825,0
                131.056093,31.7108,0
              </coordinates>
            </LinearRing>
          </outerBoundaryIs>
        </Polygon>
      </Placemark>
      <Placemark>
        <name>M123｜元区画221</name>
        <description><![CDATA[元区画: 221<br>統合方法: retained_single_cell<br>紙地図の既存境界を保持]]></description>
        <styleUrl>#poly-5599FF-2000-125</styleUrl>
        <Polygon>
          <outerBoundaryIs>
            <LinearRing>
              <tessellate>1</tessellate>
              <coordinates>
                131.112495,31.709565,0
                131.112496,31.709175,0
                131.116656,31.709404,0
                131.118875,31.709246,0
                131.119242,31.71065,0
                131.119057,31.710884,0
                131.11841,31.710807,0
                131.117854,31.711042,0
                131.11471,31.711513,0
                131.114617,31.711826,0
                131.11323,31.711749,0
                131.112495,31.709565,0
              </coordinates>
            </LinearRing>
          </outerBoundaryIs>
        </Polygon>
      </Placemark>
      <Placemark>
        <name>M124｜元区画155 171 214</name>
        <description><![CDATA[元区画: 155 171 214<br>統合方法: east_rural_multi_cell_integration<br>紙地図の既存境界を保持]]></description>
        <styleUrl>#poly-507FFF-2000-125</styleUrl>
        <Polygon>
          <outerBoundaryIs>
            <LinearRing>
              <tessellate>1</tessellate>
              <coordinates>
                131.074205,31.715695,0
                131.075137,31.712183,0
                131.076726,31.703519,0
                131.079037,31.703595,0
                131.080332,31.703047,0
                131.082367,31.702967,0
                131.08403,31.703277,0
                131.085878,31.704133,0
                131.08671,31.704288,0
                131.086234,31.711234,0
                131.087343,31.71131,0
                131.087342,31.711623,0
                131.086878,31.71256,0
                131.08577,31.712171,0
                131.085493,31.711547,0
                131.085216,31.711391,0
                131.084569,31.711314,0
                131.084108,31.711002,0
                131.082906,31.711003,0
                131.082432,31.717012,0
                131.080398,31.716781,0
                131.080399,31.716156,0
                131.080122,31.716079,0
                131.077256,31.716004,0
                131.077347,31.716784,0
                131.077162,31.71694,0
                131.077067,31.718111,0
                131.076882,31.718111,0
                131.075588,31.717722,0
                131.074756,31.717723,0
                131.074575,31.716007,0
                131.074205,31.715695,0
              </coordinates>
            </LinearRing>
          </outerBoundaryIs>
        </Polygon>
      </Placemark>
      <Placemark>
        <name>M125｜元区画223 227</name>
        <description><![CDATA[元区画: 223 227<br>統合方法: merged_adjacent_pair<br>紙地図の既存境界を保持]]></description>
        <styleUrl>#poly-FFA54E-2000-125</styleUrl>
        <Polygon>
          <outerBoundaryIs>
            <LinearRing>
              <tessellate>1</tessellate>
              <coordinates>
                131.089932,31.711386,0
                131.090118,31.710761,0
                131.090674,31.710214,0
                131.093171,31.709587,0
                131.093173,31.708729,0
                131.09456,31.708649,0
                131.094752,31.704747,0
                131.098079,31.705758,0
                131.096596,31.707789,0
                131.093075,31.711694,0
                131.089932,31.711386,0
              </coordinates>
            </LinearRing>
          </outerBoundaryIs>
        </Polygon>
      </Placemark>
      <Placemark>
        <name>M126｜元区画231</name>
        <description><![CDATA[元区画: 231<br>統合方法: retained_single_cell<br>紙地図の既存境界を保持]]></description>
        <styleUrl>#poly-7AB955-2000-125</styleUrl>
        <Polygon>
          <outerBoundaryIs>
            <LinearRing>
              <tessellate>1</tessellate>
              <coordinates>
                131.058871,31.708924,0
                131.058872,31.7083,0
                131.05915,31.707831,0
                131.060446,31.706971,0
                131.062015,31.708842,0
                131.062014,31.709076,0
                131.061274,31.709389,0
                131.060625,31.710014,0
                131.060348,31.710015,0
                131.060071,31.709781,0
                131.059146,31.709938,0
                131.058871,31.708924,0
              </coordinates>
            </LinearRing>
          </outerBoundaryIs>
        </Polygon>
      </Placemark>
      <Placemark>
        <name>M127｜元区画229 240</name>
        <description><![CDATA[元区画: 229 240<br>統合方法: merged_adjacent_pair<br>紙地図の既存境界を保持]]></description>
        <styleUrl>#poly-5599FF-2000-125</styleUrl>
        <Polygon>
          <outerBoundaryIs>
            <LinearRing>
              <tessellate>1</tessellate>
              <coordinates>
                131.053235,31.706589,0
                131.053236,31.706199,0
                131.053606,31.706199,0
                131.054345,31.706588,0
                131.054437,31.707056,0
                131.054991,31.707134,0
                131.055451,31.708147,0
                131.055265,31.709006,0
                131.057022,31.708692,0
                131.056927,31.709862,0
                131.056094,31.710722,0
                131.054893,31.709943,0
                131.054339,31.709787,0
                131.054063,31.708695,0
                131.053418,31.707682,0
                131.053235,31.706589,0
              </coordinates>
            </LinearRing>
          </outerBoundaryIs>
        </Polygon>
      </Placemark>
      <Placemark>
        <name>M128｜元区画228 235</name>
        <description><![CDATA[元区画: 228 235<br>統合方法: merged_adjacent_pair<br>紙地図の既存境界を保持]]></description>
        <styleUrl>#poly-507FFF-2000-125</styleUrl>
        <Polygon>
          <outerBoundaryIs>
            <LinearRing>
              <tessellate>1</tessellate>
              <coordinates>
                131.042229,31.708475,0
                131.042325,31.706602,0
                131.043249,31.706913,0
                131.043713,31.706054,0
                131.044082,31.7066,0
                131.045006,31.706989,0
                131.047595,31.706986,0
                131.049166,31.707374,0
                131.050919,31.709167,0
                131.050731,31.71065,0
                131.050915,31.71104,0
                131.05073,31.711274,0
                131.050175,31.711119,0
                131.048976,31.710106,0
                131.048698,31.710106,0
                131.047402,31.710888,0
                131.046477,31.710967,0
                131.046019,31.70886,0
                131.044447,31.70894,0
                131.043429,31.709644,0
                131.042967,31.709644,0
                131.042875,31.70902,0
                131.042229,31.708475,0
              </coordinates>
            </LinearRing>
          </outerBoundaryIs>
        </Polygon>
      </Placemark>
      <Placemark>
        <name>M129｜元区画190 218</name>
        <description><![CDATA[元区画: 190 218<br>統合方法: merged_adjacent_pair<br>紙地図の既存境界を保持]]></description>
        <styleUrl>#poly-FFA54E-2000-125</styleUrl>
        <Polygon>
          <outerBoundaryIs>
            <LinearRing>
              <tessellate>1</tessellate>
              <coordinates>
                131.06507,31.706732,0
                131.066183,31.704858,0
                131.067479,31.703998,0
                131.068219,31.704075,0
                131.069234,31.70462,0
                131.069329,31.703684,0
                131.071732,31.703837,0
                131.073675,31.703367,0
                131.076726,31.703519,0
                131.075137,31.712183,0
                131.074298,31.715461,0
                131.074113,31.715461,0
                131.074022,31.714681,0
                131.071434,31.714372,0
                131.071439,31.712109,0
                131.067001,31.712192,0
                131.067002,31.711646,0
                131.065615,31.711647,0
                131.065439,31.706966,0
                131.06507,31.706732,0
              </coordinates>
            </LinearRing>
          </outerBoundaryIs>
        </Polygon>
      </Placemark>
      <Placemark>
        <name>M130｜元区画230 236</name>
        <description><![CDATA[元区画: 230 236<br>統合方法: merged_adjacent_pair<br>紙地図の既存境界を保持]]></description>
        <styleUrl>#poly-7AB955-2000-125</styleUrl>
        <Polygon>
          <outerBoundaryIs>
            <LinearRing>
              <tessellate>1</tessellate>
              <coordinates>
                131.114252,31.709251,0
                131.114718,31.707534,0
                131.11472,31.706441,0
                131.118511,31.706281,0
                131.121283,31.707214,0
                131.121836,31.707838,0
                131.121647,31.710023,0
                131.119427,31.71065,0
                131.11915,31.710494,0
                131.118875,31.709246,0
                131.116656,31.709404,0
                131.114252,31.709251,0
              </coordinates>
            </LinearRing>
          </outerBoundaryIs>
        </Polygon>
      </Placemark>
      <Placemark>
        <name>M131｜元区画233</name>
        <description><![CDATA[元区画: 233<br>統合方法: retained_single_cell<br>紙地図の既存境界を保持]]></description>
        <styleUrl>#poly-5599FF-2000-125</styleUrl>
        <Polygon>
          <outerBoundaryIs>
            <LinearRing>
              <tessellate>1</tessellate>
              <coordinates>
                131.048981,31.707375,0
                131.04926,31.706516,0
                131.048984,31.706048,0
                131.050002,31.705423,0
                131.051296,31.705655,0
                131.05185,31.705967,0
                131.053144,31.706121,0
                131.053418,31.707682,0
                131.054063,31.708695,0
                131.054339,31.709787,0
                131.051011,31.709479,0
                131.050735,31.708855,0
                131.048981,31.707375,0
              </coordinates>
            </LinearRing>
          </outerBoundaryIs>
        </Polygon>
      </Placemark>
      <Placemark>
        <name>M132｜元区画226 234</name>
        <description><![CDATA[元区画: 226 234<br>統合方法: merged_adjacent_pair<br>紙地図の既存境界を保持]]></description>
        <styleUrl>#poly-507FFF-2000-125</styleUrl>
        <Polygon>
          <outerBoundaryIs>
            <LinearRing>
              <tessellate>1</tessellate>
              <coordinates>
                131.037046,31.711134,0
                131.03714,31.710431,0
                131.037325,31.710431,0
                131.037234,31.710041,0
                131.037696,31.709806,0
                131.037605,31.709416,0
                131.037882,31.709416,0
                131.038161,31.708401,0
                131.038071,31.707231,0
                131.037794,31.707231,0
                131.037796,31.706373,0
                131.037426,31.705983,0
                131.03752,31.705203,0
                131.03854,31.703719,0
                131.038818,31.703641,0
                131.040204,31.704263,0
                131.042238,31.704105,0
                131.043254,31.704416,0
                131.043715,31.70504,0
                131.043806,31.706054,0
                131.043435,31.706366,0
                131.043249,31.706913,0
                131.042325,31.706602,0
                131.04223,31.708084,0
                131.042229,31.708475,0
                131.042968,31.709176,0
                131.042967,31.709644,0
                131.039731,31.709648,0
                131.040469,31.710349,0
                131.040469,31.710584,0
                131.038711,31.71121,0
                131.037323,31.711445,0
                131.037138,31.711446,0
                131.037046,31.711134,0
              </coordinates>
            </LinearRing>
          </outerBoundaryIs>
        </Polygon>
      </Placemark>
      <Placemark>
        <name>M133｜元区画238 241</name>
        <description><![CDATA[元区画: 238 241<br>統合方法: merged_adjacent_pair<br>紙地図の既存境界を保持]]></description>
        <styleUrl>#poly-FFA54E-2000-125</styleUrl>
        <Polygon>
          <outerBoundaryIs>
            <LinearRing>
              <tessellate>1</tessellate>
              <coordinates>
                131.054345,31.706822,0
                131.054345,31.706666,0
                131.057026,31.706663,0
                131.059709,31.706036,0
                131.059706,31.70744,0
                131.05915,31.707831,0
                131.058964,31.7083,0
                131.05841,31.708222,0
                131.055542,31.709006,0
                131.055265,31.709006,0
                131.055451,31.708147,0
                131.055083,31.70729,0
                131.054899,31.707056,0
                131.054437,31.707056,0
                131.054345,31.706822,0
              </coordinates>
            </LinearRing>
          </outerBoundaryIs>
        </Polygon>
      </Placemark>
      <Placemark>
        <name>M134｜元区画224 243</name>
        <description><![CDATA[元区画: 224 243<br>統合方法: merged_adjacent_pair<br>紙地図の既存境界を保持]]></description>
        <styleUrl>#poly-7AB955-2000-125</styleUrl>
        <Polygon>
          <outerBoundaryIs>
            <LinearRing>
              <tessellate>1</tessellate>
              <coordinates>
                131.094835,31.709819,0
                131.099469,31.703962,0
                131.100212,31.702634,0
                131.100307,31.701308,0
                131.10077,31.700683,0
                131.101139,31.700995,0
                131.101786,31.701072,0
                131.101876,31.702476,0
                131.102893,31.702631,0
                131.10243,31.703178,0
                131.101689,31.703569,0
                131.101781,31.703725,0
                131.106861,31.706372,0
                131.110558,31.706914,0
                131.110464,31.708007,0
                131.112589,31.708551,0
                131.112496,31.709097,0
                131.109907,31.709022,0
                131.108335,31.709258,0
                131.096403,31.711612,0
                131.096033,31.711613,0
                131.095573,31.710521,0
                131.094835,31.709819,0
              </coordinates>
            </LinearRing>
          </outerBoundaryIs>
        </Polygon>
      </Placemark>
      <Placemark>
        <name>M135｜元区画237</name>
        <description><![CDATA[元区画: 237<br>統合方法: retained_single_cell<br>紙地図の既存境界を保持]]></description>
        <styleUrl>#poly-5599FF-2000-125</styleUrl>
        <Polygon>
          <outerBoundaryIs>
            <LinearRing>
              <tessellate>1</tessellate>
              <coordinates>
                131.110372,31.707929,0
                131.110558,31.706914,0
                131.111114,31.706289,0
                131.11093,31.705899,0
                131.111025,31.704807,0
                131.112503,31.705586,0
                131.113334,31.705741,0
                131.11472,31.706363,0
                131.114718,31.707534,0
                131.114252,31.709251,0
                131.112496,31.709175,0
                131.112589,31.708551,0
                131.110372,31.707929,0
              </coordinates>
            </LinearRing>
          </outerBoundaryIs>
        </Polygon>
      </Placemark>
      <Placemark>
        <name>M136｜元区画225</name>
        <description><![CDATA[元区画: 225<br>統合方法: retained_single_cell<br>紙地図の既存境界を保持]]></description>
        <styleUrl>#poly-507FFF-2000-125</styleUrl>
        <Polygon>
          <outerBoundaryIs>
            <LinearRing>
              <tessellate>1</tessellate>
              <coordinates>
                131.086423,31.708736,0
                131.086802,31.704366,0
                131.088096,31.704365,0
                131.090964,31.703581,0
                131.092166,31.703658,0
                131.091786,31.708886,0
                131.091416,31.708887,0
                131.09123,31.709277,0
                131.091598,31.710057,0
                131.090674,31.710214,0
                131.090118,31.710761,0
                131.089932,31.711386,0
                131.089007,31.711387,0
                131.08873,31.711153,0
                131.089472,31.710138,0
                131.089472,31.709825,0
                131.08892,31.708812,0
                131.086423,31.708736,0
              </coordinates>
            </LinearRing>
          </outerBoundaryIs>
        </Polygon>
      </Placemark>
      <Placemark>
        <name>M137｜元区画232</name>
        <description><![CDATA[元区画: 232<br>統合方法: retained_single_cell<br>紙地図の既存境界を保持]]></description>
        <styleUrl>#poly-FFA54E-2000-125</styleUrl>
        <Polygon>
          <outerBoundaryIs>
            <LinearRing>
              <tessellate>1</tessellate>
              <coordinates>
                131.09123,31.709355,0
                131.091416,31.708887,0
                131.091786,31.708886,0
                131.091979,31.704438,0
                131.092258,31.703814,0
                131.092443,31.703814,0
                131.093274,31.704281,0
                131.094753,31.704669,0
                131.09456,31.708649,0
                131.093173,31.708729,0
                131.093171,31.709587,0
                131.091876,31.709979,0
                131.091599,31.709979,0
                131.09123,31.709355,0
              </coordinates>
            </LinearRing>
          </outerBoundaryIs>
        </Polygon>
      </Placemark>
      <Placemark>
        <name>M138｜元区画239 242</name>
        <description><![CDATA[元区画: 239 242<br>統合方法: merged_adjacent_pair<br>紙地図の既存境界を保持]]></description>
        <styleUrl>#poly-7AB955-2000-125</styleUrl>
        <Polygon>
          <outerBoundaryIs>
            <LinearRing>
              <tessellate>1</tessellate>
              <coordinates>
                131.060446,31.707127,0
                131.060632,31.706737,0
                131.062113,31.706033,0
                131.062484,31.70533,0
                131.064243,31.704002,0
                131.065352,31.704391,0
                131.065351,31.704859,0
                131.066183,31.704858,0
                131.064328,31.707747,0
                131.062199,31.708998,0
                131.062014,31.708998,0
                131.060446,31.707127,0
              </coordinates>
            </LinearRing>
          </outerBoundaryIs>
        </Polygon>
      </Placemark>
      <Placemark>
        <name>M139｜元区画245</name>
        <description><![CDATA[元区画: 245<br>統合方法: retained_single_cell<br>紙地図の既存境界を保持]]></description>
        <styleUrl>#poly-5599FF-2000-125</styleUrl>
        <Polygon>
          <outerBoundaryIs>
            <LinearRing>
              <tessellate>1</tessellate>
              <coordinates>
                131.043069,31.704416,0
                131.043812,31.702855,0
                131.045014,31.703009,0
                131.044461,31.702152,0
                131.045387,31.701292,0
                131.045757,31.701214,0
                131.046219,31.701369,0
                131.051203,31.705655,0
                131.050002,31.705423,0
                131.049169,31.705892,0
                131.048983,31.706126,0
                131.049259,31.706906,0
                131.048981,31.707375,0
                131.047595,31.706986,0
                131.045376,31.707066,0
                131.04399,31.706522,0
                131.043715,31.70504,0
                131.043347,31.704494,0
                131.043069,31.704416,0
              </coordinates>
            </LinearRing>
          </outerBoundaryIs>
        </Polygon>
      </Placemark>
      <Placemark>
        <name>M140｜元区画248 252</name>
        <description><![CDATA[元区画: 248 252<br>統合方法: merged_adjacent_pair<br>紙地図の既存境界を保持]]></description>
        <styleUrl>#poly-507FFF-2000-125</styleUrl>
        <Polygon>
          <outerBoundaryIs>
            <LinearRing>
              <tessellate>1</tessellate>
              <coordinates>
                131.048065,31.703006,0
                131.048158,31.70285,0
                131.05232,31.701752,0
                131.052597,31.702376,0
                131.053243,31.702922,0
                131.056938,31.704478,0
                131.057953,31.705648,0
                131.058136,31.70635,0
                131.057026,31.706663,0
                131.054345,31.706666,0
                131.053606,31.706199,0
                131.05185,31.705967,0
                131.051296,31.705733,0
                131.048065,31.703006,0
              </coordinates>
            </LinearRing>
          </outerBoundaryIs>
        </Polygon>
      </Placemark>
      <Placemark>
        <name>M141｜元区画247</name>
        <description><![CDATA[元区画: 247<br>統合方法: retained_single_cell<br>紙地図の既存境界を保持]]></description>
        <styleUrl>#poly-FFA54E-2000-125</styleUrl>
        <Polygon>
          <outerBoundaryIs>
            <LinearRing>
              <tessellate>1</tessellate>
              <coordinates>
                131.102797,31.70427,0
                131.104745,31.701303,0
                131.10493,31.701302,0
                131.108809,31.703171,0
                131.11084,31.704573,0
                131.111025,31.704729,0
                131.11093,31.705899,0
                131.111114,31.706289,0
                131.110651,31.706914,0
                131.107138,31.70645,0
                131.102797,31.70427,0
              </coordinates>
            </LinearRing>
          </outerBoundaryIs>
        </Polygon>
      </Placemark>
      <Placemark>
        <name>M142｜元区画244 260</name>
        <description><![CDATA[元区画: 244 260<br>統合方法: merged_adjacent_pair<br>紙地図の既存境界を保持]]></description>
        <styleUrl>#poly-7AB955-2000-125</styleUrl>
        <Polygon>
          <outerBoundaryIs>
            <LinearRing>
              <tessellate>1</tessellate>
              <coordinates>
                131.059344,31.703383,0
                131.059345,31.702993,0
                131.060455,31.702367,0
                131.062768,31.701819,0
                131.062671,31.704082,0
                131.063039,31.70494,0
                131.062484,31.70533,0
                131.062113,31.706033,0
                131.061002,31.706502,0
                131.059798,31.707362,0
                131.059614,31.707362,0
                131.059711,31.704631,0
                131.059344,31.703383,0
              </coordinates>
            </LinearRing>
          </outerBoundaryIs>
        </Polygon>
      </Placemark>
      <Placemark>
        <name>M143｜元区画246 257</name>
        <description><![CDATA[元区画: 246 257<br>統合方法: merged_adjacent_pair<br>紙地図の既存境界を保持]]></description>
        <styleUrl>#poly-5599FF-2000-125</styleUrl>
        <Polygon>
          <outerBoundaryIs>
            <LinearRing>
              <tessellate>1</tessellate>
              <coordinates>
                131.117958,31.705657,0
                131.117958,31.705501,0
                131.118883,31.705344,0
                131.118883,31.70511,0
                131.118145,31.704487,0
                131.118054,31.703862,0
                131.118979,31.703471,0
                131.119537,31.701832,0
                131.120833,31.701128,0
                131.12111,31.701284,0
                131.121016,31.70183,0
                131.121571,31.701908,0
                131.121849,31.701595,0
                131.122773,31.701906,0
                131.12545,31.703932,0
                131.12434,31.704324,0
                131.124247,31.704558,0
                131.123877,31.704558,0
                131.123876,31.704792,0
                131.123599,31.704949,0
                131.123044,31.704949,0
                131.122766,31.705184,0
                131.122858,31.705496,0
                131.122396,31.705574,0
                131.12221,31.706043,0
                131.122025,31.706043,0
                131.122117,31.706355,0
                131.121654,31.706511,0
                131.121561,31.70698,0
                131.121283,31.707214,0
                131.118511,31.706359,0
                131.117958,31.705657,0
              </coordinates>
            </LinearRing>
          </outerBoundaryIs>
        </Polygon>
      </Placemark>
      <Placemark>
        <name>M144｜元区画251 261</name>
        <description><![CDATA[元区画: 251 261<br>統合方法: merged_adjacent_pair<br>紙地図の既存境界を保持]]></description>
        <styleUrl>#poly-507FFF-2000-125</styleUrl>
        <Polygon>
          <outerBoundaryIs>
            <LinearRing>
              <tessellate>1</tessellate>
              <coordinates>
                131.05509,31.7037,0
                131.055647,31.702763,0
                131.055741,31.702061,0
                131.058052,31.70237,0
                131.058793,31.701667,0
                131.05962,31.704163,0
                131.059709,31.706036,0
                131.058136,31.70635,0
                131.057953,31.705648,0
                131.05703,31.704556,0
                131.05509,31.7037,0
              </coordinates>
            </LinearRing>
          </outerBoundaryIs>
        </Polygon>
      </Placemark>
      <Placemark>
        <name>M145｜元区画253</name>
        <description><![CDATA[元区画: 253<br>統合方法: retained_single_cell<br>紙地図の既存境界を保持]]></description>
        <styleUrl>#poly-FFA54E-2000-125</styleUrl>
        <Polygon>
          <outerBoundaryIs>
            <LinearRing>
              <tessellate>1</tessellate>
              <coordinates>
                131.031233,31.7056,0
                131.031515,31.703259,0
                131.032531,31.703336,0
                131.032996,31.70193,0
                131.034199,31.701773,0
                131.034015,31.701383,0
                131.034293,31.701071,0
                131.035494,31.701303,0
                131.037064,31.702004,0
                131.037894,31.703251,0
                131.038633,31.703563,0
                131.03752,31.705203,0
                131.037519,31.705905,0
                131.033728,31.705987,0
                131.031233,31.7056,0
              </coordinates>
            </LinearRing>
          </outerBoundaryIs>
        </Polygon>
      </Placemark>
      <Placemark>
        <name>M146｜元区画255 268</name>
        <description><![CDATA[元区画: 255 268<br>統合方法: merged_adjacent_pair<br>紙地図の既存境界を保持]]></description>
        <styleUrl>#poly-7AB955-2000-125</styleUrl>
        <Polygon>
          <outerBoundaryIs>
            <LinearRing>
              <tessellate>1</tessellate>
              <coordinates>
                131.107793,31.702782,0
                131.108258,31.701533,0
                131.10909,31.701298,0
                131.110109,31.700594,0
                131.110848,31.700515,0
                131.112046,31.702621,0
                131.112876,31.703556,0
                131.11278,31.705507,0
                131.112133,31.70543,0
                131.108809,31.703171,0
                131.107793,31.702782,0
              </coordinates>
            </LinearRing>
          </outerBoundaryIs>
        </Polygon>
      </Placemark>
      <Placemark>
        <name>M147｜元区画258</name>
        <description><![CDATA[元区画: 258<br>統合方法: retained_single_cell<br>紙地図の既存境界を保持]]></description>
        <styleUrl>#poly-5599FF-2000-125</styleUrl>
        <Polygon>
          <outerBoundaryIs>
            <LinearRing>
              <tessellate>1</tessellate>
              <coordinates>
                131.062671,31.704082,0
                131.062768,31.701741,0
                131.063878,31.701583,0
                131.065817,31.702751,0
                131.063224,31.704861,0
                131.063039,31.704861,0
                131.062671,31.704082,0
              </coordinates>
            </LinearRing>
          </outerBoundaryIs>
        </Polygon>
      </Placemark>
      <Placemark>
        <name>M148｜元区画259 276</name>
        <description><![CDATA[元区画: 259 276<br>統合方法: merged_adjacent_pair<br>紙地図の既存境界を保持]]></description>
        <styleUrl>#poly-507FFF-2000-125</styleUrl>
        <Polygon>
          <outerBoundaryIs>
            <LinearRing>
              <tessellate>1</tessellate>
              <coordinates>
                131.064335,31.704002,0
                131.066188,31.702517,0
                131.069798,31.700172,0
                131.069793,31.702747,0
                131.0697,31.702981,0
                131.069238,31.702982,0
                131.069234,31.70462,0
                131.068219,31.704075,0
                131.067479,31.703998,0
                131.066924,31.704233,0
                131.066275,31.704858,0
                131.065351,31.704859,0
                131.065352,31.704391,0
                131.064797,31.704313,0
                131.064335,31.704002,0
              </coordinates>
            </LinearRing>
          </outerBoundaryIs>
        </Polygon>
      </Placemark>
      <Placemark>
        <name>M149｜元区画249</name>
        <description><![CDATA[元区画: 249<br>統合方法: retained_single_cell<br>紙地図の既存境界を保持]]></description>
        <styleUrl>#poly-FFA54E-2000-125</styleUrl>
        <Polygon>
          <outerBoundaryIs>
            <LinearRing>
              <tessellate>1</tessellate>
              <coordinates>
                131.110848,31.700671,0
                131.110849,31.700437,0
                131.111959,31.699734,0
                131.113069,31.699732,0
                131.113532,31.69942,0
                131.114827,31.699262,0
                131.115475,31.698715,0
                131.115746,31.701836,0
                131.116298,31.703084,0
                131.116205,31.703787,0
                131.115649,31.704255,0
                131.116107,31.706362,0
                131.11472,31.706441,0
                131.112688,31.705585,0
                131.112967,31.704415,0
                131.112876,31.703556,0
                131.112046,31.702621,0
                131.110848,31.700671,0
              </coordinates>
            </LinearRing>
          </outerBoundaryIs>
        </Polygon>
      </Placemark>
      <Placemark>
        <name>M150｜元区画254</name>
        <description><![CDATA[元区画: 254<br>統合方法: retained_single_cell<br>紙地図の既存境界を保持]]></description>
        <styleUrl>#poly-7AB955-2000-125</styleUrl>
        <Polygon>
          <outerBoundaryIs>
            <LinearRing>
              <tessellate>1</tessellate>
              <coordinates>
                131.093644,31.704358,0
                131.094574,31.701548,0
                131.094574,31.701392,0
                131.094204,31.701315,0
                131.094485,31.699754,0
                131.094578,31.699519,0
                131.095318,31.699363,0
                131.095504,31.698738,0
                131.097629,31.699282,0
                131.09698,31.700453,0
                131.097442,31.700453,0
                131.09781,31.701389,0
                131.098364,31.701622,0
                131.099104,31.701621,0
                131.099382,31.701387,0
                131.100306,31.701542,0
                131.100026,31.703025,0
                131.098171,31.705758,0
                131.093644,31.704358,0
              </coordinates>
            </LinearRing>
          </outerBoundaryIs>
        </Polygon>
      </Placemark>
      <Placemark>
        <name>M151｜元区画256</name>
        <description><![CDATA[元区画: 256<br>統合方法: retained_single_cell<br>紙地図の既存境界を保持]]></description>
        <styleUrl>#poly-5599FF-2000-125</styleUrl>
        <Polygon>
          <outerBoundaryIs>
            <LinearRing>
              <tessellate>1</tessellate>
              <coordinates>
                131.027444,31.704668,0
                131.028742,31.70256,0
                131.031799,31.699435,0
                131.032631,31.699824,0
                131.033738,31.700837,0
                131.034293,31.700993,0
                131.034292,31.701227,0
                131.034015,31.701383,0
                131.034199,31.701773,0
                131.032996,31.70193,0
                131.032531,31.703336,0
                131.031515,31.703259,0
                131.031233,31.7056,0
                131.029661,31.705368,0
                131.028737,31.704979,0
                131.027905,31.70498,0
                131.027813,31.704746,0
                131.027444,31.704668,0
              </coordinates>
            </LinearRing>
          </outerBoundaryIs>
        </Polygon>
      </Placemark>
      <Placemark>
        <name>M152｜元区画263</name>
        <description><![CDATA[元区画: 263<br>統合方法: retained_single_cell<br>紙地図の既存境界を保持]]></description>
        <styleUrl>#poly-507FFF-2000-125</styleUrl>
        <Polygon>
          <outerBoundaryIs>
            <LinearRing>
              <tessellate>1</tessellate>
              <coordinates>
                131.081257,31.702968,0
                131.082091,31.702343,0
                131.083389,31.700391,0
                131.084591,31.700467,0
                131.085701,31.700154,0
                131.087179,31.700698,0
                131.089305,31.700852,0
                131.089114,31.70413,0
                131.087079,31.704444,0
                131.085878,31.704133,0
                131.08403,31.703277,0
                131.082367,31.702967,0
                131.081257,31.702968,0
              </coordinates>
            </LinearRing>
          </outerBoundaryIs>
        </Polygon>
      </Placemark>
      <Placemark>
        <name>M153｜元区画270 274</name>
        <description><![CDATA[元区画: 270 274<br>統合方法: merged_adjacent_pair<br>紙地図の既存境界を保持]]></description>
        <styleUrl>#poly-FFA54E-2000-125</styleUrl>
        <Polygon>
          <outerBoundaryIs>
            <LinearRing>
              <tessellate>1</tessellate>
              <coordinates>
                131.069062,31.698144,0
                131.069248,31.697832,0
                131.07008,31.697753,0
                131.070723,31.699703,0
                131.071923,31.701106,0
                131.072661,31.701573,0
                131.074973,31.701336,0
                131.074974,31.700868,0
                131.075252,31.700868,0
                131.075438,31.700322,0
                131.077287,31.700319,0
                131.077563,31.700865,0
                131.077192,31.701256,0
                131.076818,31.703519,0
                131.073675,31.703367,0
                131.071732,31.703837,0
                131.069236,31.703684,0
                131.069238,31.702982,0
                131.0697,31.702981,0
                131.069793,31.702747,0
                131.069798,31.699938,0
                131.069062,31.698144,0
              </coordinates>
            </LinearRing>
          </outerBoundaryIs>
        </Polygon>
      </Placemark>
      <Placemark>
        <name>M154｜元区画262 269</name>
        <description><![CDATA[元区画: 262 269<br>統合方法: merged_adjacent_pair<br>紙地図の既存境界を保持]]></description>
        <styleUrl>#poly-7AB955-2000-125</styleUrl>
        <Polygon>
          <outerBoundaryIs>
            <LinearRing>
              <tessellate>1</tessellate>
              <coordinates>
                131.021807,31.703114,0
                131.021992,31.702723,0
                131.022362,31.702723,0
                131.022733,31.702332,0
                131.023103,31.702332,0
                131.024028,31.701863,0
                131.024121,31.70155,0
                131.024676,31.70155,0
                131.025231,31.701237,0
                131.025232,31.701003,0
                131.025602,31.701081,0
                131.025694,31.700846,0
                131.026064,31.700846,0
                131.026157,31.700534,0
                131.026712,31.700377,0
                131.026713,31.700143,0
                131.02699,31.700065,0
                131.027176,31.699596,0
                131.029026,31.699204,0
                131.029212,31.69897,0
                131.029581,31.698969,0
                131.029674,31.698735,0
                131.030137,31.698734,0
                131.030875,31.69928,0
                131.031799,31.699435,0
                131.028742,31.70256,0
                131.027444,31.704668,0
                131.024764,31.703813,0
                131.024302,31.703813,0
                131.02421,31.703657,0
                131.023747,31.703658,0
                131.023748,31.703502,0
                131.023008,31.703502,0
                131.022824,31.703269,0
                131.021807,31.703114,0
              </coordinates>
            </LinearRing>
          </outerBoundaryIs>
        </Polygon>
      </Placemark>
      <Placemark>
        <name>M155｜元区画266</name>
        <description><![CDATA[元区画: 266<br>統合方法: retained_single_cell<br>紙地図の既存境界を保持]]></description>
        <styleUrl>#poly-5599FF-2000-125</styleUrl>
        <Polygon>
          <outerBoundaryIs>
            <LinearRing>
              <tessellate>1</tessellate>
              <coordinates>
                131.034662,31.701148,0
                131.035775,31.699742,0
                131.038549,31.699349,0
                131.039289,31.699348,0
                131.039566,31.699582,0
                131.041138,31.699346,0
                131.042242,31.702154,0
                131.041687,31.702389,0
                131.040851,31.704106,0
                131.040204,31.704263,0
                131.037986,31.703329,0
                131.037064,31.702004,0
                131.035494,31.701303,0
                131.034662,31.701148,0
              </coordinates>
            </LinearRing>
          </outerBoundaryIs>
        </Polygon>
      </Placemark>
      <Placemark>
        <name>M156｜元区画267</name>
        <description><![CDATA[元区画: 267<br>統合方法: retained_single_cell<br>紙地図の既存境界を保持]]></description>
        <styleUrl>#poly-507FFF-2000-125</styleUrl>
        <Polygon>
          <outerBoundaryIs>
            <LinearRing>
              <tessellate>1</tessellate>
              <coordinates>
                131.10077,31.700683,0
                131.101141,31.69998,0
                131.101237,31.698575,0
                131.101422,31.698497,0
                131.102161,31.698809,0
                131.102529,31.699823,0
                131.103174,31.700602,0
                131.104745,31.701225,0
                131.104652,31.701615,0
                131.102797,31.704192,0
                131.101689,31.703569,0
                131.10243,31.703178,0
                131.102893,31.702631,0
                131.101876,31.702476,0
                131.101786,31.701072,0
                131.101139,31.700995,0
                131.10077,31.700683,0
              </coordinates>
            </LinearRing>
          </outerBoundaryIs>
        </Polygon>
      </Placemark>
      <Placemark>
        <name>M157｜元区画272</name>
        <description><![CDATA[元区画: 272<br>統合方法: retained_single_cell<br>紙地図の既存境界を保持]]></description>
        <styleUrl>#poly-FFA54E-2000-125</styleUrl>
        <Polygon>
          <outerBoundaryIs>
            <LinearRing>
              <tessellate>1</tessellate>
              <coordinates>
                131.052597,31.702376,0
                131.05343,31.701673,0
                131.053247,31.700971,0
                131.054449,31.700814,0
                131.054822,31.699331,0
                131.056486,31.699095,0
                131.058055,31.700419,0
                131.0587,31.701511,0
                131.058052,31.70237,0
                131.055741,31.702061,0
                131.055647,31.702763,0
                131.05509,31.703622,0
                131.053705,31.703155,0
                131.052597,31.702376,0
              </coordinates>
            </LinearRing>
          </outerBoundaryIs>
        </Polygon>
      </Placemark>
      <Placemark>
        <name>M158｜元区画264</name>
        <description><![CDATA[元区画: 264<br>統合方法: retained_single_cell<br>紙地図の既存境界を保持]]></description>
        <styleUrl>#poly-7AB955-2000-125</styleUrl>
        <Polygon>
          <outerBoundaryIs>
            <LinearRing>
              <tessellate>1</tessellate>
              <coordinates>
                131.089206,31.704051,0
                131.089305,31.70093,0
                131.091154,31.701084,0
                131.091252,31.698197,0
                131.09458,31.698427,0
                131.095504,31.69866,0
                131.095318,31.699363,0
                131.094578,31.699519,0
                131.094485,31.699754,0
                131.094204,31.701315,0
                131.094574,31.701392,0
                131.094574,31.701548,0
                131.093644,31.70428,0
                131.092535,31.70397,0
                131.091981,31.70358,0
                131.090409,31.70366,0
                131.089206,31.704051,0
              </coordinates>
            </LinearRing>
          </outerBoundaryIs>
        </Polygon>
      </Placemark>
      <Placemark>
        <name>M159｜元区画273</name>
        <description><![CDATA[元区画: 273<br>統合方法: retained_single_cell<br>紙地図の既存境界を保持]]></description>
        <styleUrl>#poly-5599FF-2000-125</styleUrl>
        <Polygon>
          <outerBoundaryIs>
            <LinearRing>
              <tessellate>1</tessellate>
              <coordinates>
                131.076818,31.703519,0
                131.077192,31.701256,0
                131.078676,31.699147,0
                131.079419,31.697352,0
                131.079697,31.697273,0
                131.080343,31.697819,0
                131.08034,31.699067,0
                131.080802,31.699535,0
                131.082188,31.699846,0
                131.083481,31.70039,0
                131.082091,31.702343,0
                131.081442,31.70289,0
                131.0795,31.703282,0
                131.079037,31.703595,0
                131.076818,31.703519,0
              </coordinates>
            </LinearRing>
          </outerBoundaryIs>
        </Polygon>
      </Placemark>
      <Placemark>
        <name>M160｜元区画265</name>
        <description><![CDATA[元区画: 265<br>統合方法: retained_single_cell<br>紙地図の既存境界を保持]]></description>
        <styleUrl>#poly-507FFF-2000-125</styleUrl>
        <Polygon>
          <outerBoundaryIs>
            <LinearRing>
              <tessellate>1</tessellate>
              <coordinates>
                131.040851,31.704106,0
                131.041687,31.702389,0
                131.042242,31.702154,0
                131.04123,31.699346,0
                131.041785,31.699189,0
                131.041878,31.698877,0
                131.044469,31.697938,0
                131.047613,31.6977,0
                131.047796,31.698792,0
                131.04881,31.70004,0
                131.050473,31.700896,0
                131.051397,31.701129,0
                131.052228,31.701674,0
                131.052043,31.701909,0
                131.047973,31.702928,0
                131.046219,31.701369,0
                131.045572,31.701214,0
                131.044461,31.702152,0
                131.045014,31.703009,0
                131.043812,31.702855,0
                131.04307,31.704338,0
                131.042238,31.704105,0
                131.040851,31.704106,0
              </coordinates>
            </LinearRing>
          </outerBoundaryIs>
        </Polygon>
      </Placemark>
      <Placemark>
        <name>M161｜元区画275 280</name>
        <description><![CDATA[元区画: 275 280<br>統合方法: merged_adjacent_pair<br>紙地図の既存境界を保持]]></description>
        <styleUrl>#poly-FFA54E-2000-125</styleUrl>
        <Polygon>
          <outerBoundaryIs>
            <LinearRing>
              <tessellate>1</tessellate>
              <coordinates>
                131.057502,31.699952,0
                131.060186,31.69831,0
                131.060095,31.697686,0
                131.060743,31.697061,0
                131.06176,31.69706,0
                131.062038,31.696669,0
                131.063333,31.696668,0
                131.06333,31.697994,0
                131.062681,31.699166,0
                131.062768,31.701819,0
                131.060826,31.702211,0
                131.05953,31.702993,0
                131.059252,31.702993,0
                131.058608,31.701277,0
                131.057502,31.699952,0
              </coordinates>
            </LinearRing>
          </outerBoundaryIs>
        </Polygon>
      </Placemark>
      <Placemark>
        <name>M162｜元区画278</name>
        <description><![CDATA[元区画: 278<br>統合方法: retained_single_cell<br>紙地図の既存境界を保持]]></description>
        <styleUrl>#poly-7AB955-2000-125</styleUrl>
        <Polygon>
          <outerBoundaryIs>
            <LinearRing>
              <tessellate>1</tessellate>
              <coordinates>
                131.104837,31.701302,0
                131.105394,31.700444,0
                131.10512,31.698415,0
                131.107527,31.697008,0
                131.110392,31.697629,0
                131.110756,31.700515,0
                131.110109,31.700594,0
                131.10909,31.701298,0
                131.108258,31.701533,0
                131.107793,31.702704,0
                131.104837,31.701302,0
              </coordinates>
            </LinearRing>
          </outerBoundaryIs>
        </Polygon>
      </Placemark>
      <Placemark>
        <name>M163｜元区画279</name>
        <description><![CDATA[元区画: 279<br>統合方法: retained_single_cell<br>紙地図の既存境界を保持]]></description>
        <styleUrl>#poly-5599FF-2000-125</styleUrl>
        <Polygon>
          <outerBoundaryIs>
            <LinearRing>
              <tessellate>1</tessellate>
              <coordinates>
                131.047612,31.698402,0
                131.047705,31.697856,0
                131.049,31.697855,0
                131.049092,31.698089,0
                131.050201,31.698009,0
                131.050663,31.698321,0
                131.052605,31.698319,0
                131.052879,31.699957,0
                131.053063,31.700269,0
                131.05371,31.700268,0
                131.053802,31.700424,0
                131.053709,31.700892,0
                131.053247,31.700971,0
                131.05343,31.701673,0
                131.052504,31.70222,0
                131.05232,31.701752,0
                131.051674,31.701285,0
                131.048903,31.700118,0
                131.047612,31.698402,0
              </coordinates>
            </LinearRing>
          </outerBoundaryIs>
        </Polygon>
      </Placemark>
      <Placemark>
        <name>M164｜元区画288 291</name>
        <description><![CDATA[元区画: 288 291<br>統合方法: merged_adjacent_pair<br>紙地図の既存境界を保持]]></description>
        <styleUrl>#poly-507FFF-2000-125</styleUrl>
        <Polygon>
          <outerBoundaryIs>
            <LinearRing>
              <tessellate>1</tessellate>
              <coordinates>
                131.052604,31.698631,0
                131.052605,31.698319,0
                131.053622,31.698318,0
                131.054269,31.698005,0
                131.054546,31.698629,0
                131.0551,31.69855,0
                131.054449,31.700814,0
                131.053709,31.700892,0
                131.05371,31.700268,0
                131.053063,31.700269,0
                131.052604,31.698631,0
              </coordinates>
            </LinearRing>
          </outerBoundaryIs>
        </Polygon>
      </Placemark>
      <Placemark>
        <name>M165｜元区画282</name>
        <description><![CDATA[元区画: 282<br>統合方法: retained_single_cell<br>紙地図の既存境界を保持]]></description>
        <styleUrl>#poly-FFA54E-2000-125</styleUrl>
        <Polygon>
          <outerBoundaryIs>
            <LinearRing>
              <tessellate>1</tessellate>
              <coordinates>
                131.095596,31.698738,0
                131.09569,31.69827,0
                131.095968,31.698035,0
                131.096338,31.697801,0
                131.096893,31.6978,0
                131.097357,31.696629,0
                131.098743,31.697018,0
                131.100037,31.69764,0
                131.100775,31.698342,0
                131.101329,31.698497,0
                131.101141,31.69998,0
                131.100306,31.701542,0
                131.099382,31.701387,0
                131.099104,31.701621,0
                131.098364,31.701622,0
                131.09781,31.701389,0
                131.097442,31.700453,0
                131.09698,31.700453,0
                131.097629,31.699282,0
                131.095596,31.698738,0
              </coordinates>
            </LinearRing>
          </outerBoundaryIs>
        </Polygon>
      </Placemark>
      <Placemark>
        <name>M166｜元区画284 294</name>
        <description><![CDATA[元区画: 284 294<br>統合方法: merged_adjacent_pair<br>紙地図の既存境界を保持]]></description>
        <styleUrl>#poly-7AB955-2000-125</styleUrl>
        <Polygon>
          <outerBoundaryIs>
            <LinearRing>
              <tessellate>1</tessellate>
              <coordinates>
                131.07368,31.701026,0
                131.073774,31.699777,0
                131.076919,31.699462,0
                131.076459,31.698057,0
                131.077384,31.697978,0
                131.077478,31.697042,0
                131.078681,31.696572,0
                131.079051,31.696728,0
                131.079512,31.697352,0
                131.078676,31.699147,0
                131.077656,31.700709,0
                131.077287,31.700319,0
                131.075438,31.700322,0
                131.075252,31.700868,0
                131.074974,31.700868,0
                131.074973,31.701336,0
                131.073771,31.701416,0
                131.07368,31.701026,0
              </coordinates>
            </LinearRing>
          </outerBoundaryIs>
        </Polygon>
      </Placemark>
      <Placemark>
        <name>M167｜元区画283 293</name>
        <description><![CDATA[元区画: 283 293<br>統合方法: merged_adjacent_pair<br>紙地図の既存境界を保持]]></description>
        <styleUrl>#poly-5599FF-2000-125</styleUrl>
        <Polygon>
          <outerBoundaryIs>
            <LinearRing>
              <tessellate>1</tessellate>
              <coordinates>
                131.07008,31.697987,0
                131.07008,31.697675,0
                131.07119,31.697439,0
                131.072209,31.69658,0
                131.073408,31.697983,0
                131.074611,31.697357,0
                131.076087,31.698994,0
                131.076179,31.69954,0
                131.073774,31.699777,0
                131.073771,31.701572,0
                131.073216,31.701417,0
                131.072661,31.701573,0
                131.071923,31.701106,0
                131.070723,31.699703,0
                131.07008,31.697987,0
              </coordinates>
            </LinearRing>
          </outerBoundaryIs>
        </Polygon>
      </Placemark>
      <Placemark>
        <name>M168｜元区画285 295</name>
        <description><![CDATA[元区画: 285 295<br>統合方法: merged_adjacent_pair<br>紙地図の既存境界を保持]]></description>
        <styleUrl>#poly-507FFF-2000-125</styleUrl>
        <Polygon>
          <outerBoundaryIs>
            <LinearRing>
              <tessellate>1</tessellate>
              <coordinates>
                131.100406,31.69803,0
                131.100779,31.696235,0
                131.101428,31.695532,0
                131.102074,31.695687,0
                131.101702,31.697248,0
                131.102902,31.697793,0
                131.103549,31.697871,0
                131.10568,31.695683,0
                131.106882,31.695994,0
                131.107527,31.696852,0
                131.107527,31.697086,0
                131.10512,31.698415,0
                131.105394,31.700444,0
                131.104837,31.701302,0
                131.103174,31.700602,0
                131.102529,31.699823,0
                131.102161,31.698809,0
                131.100775,31.698342,0
                131.100406,31.69803,0
              </coordinates>
            </LinearRing>
          </outerBoundaryIs>
        </Polygon>
      </Placemark>
      <Placemark>
        <name>M169｜元区画277 304</name>
        <description><![CDATA[元区画: 277 304<br>統合方法: merged_adjacent_pair<br>紙地図の既存境界を保持]]></description>
        <styleUrl>#poly-FFA54E-2000-125</styleUrl>
        <Polygon>
          <outerBoundaryIs>
            <LinearRing>
              <tessellate>1</tessellate>
              <coordinates>
                131.063785,31.701583,0
                131.065174,31.700645,0
                131.065086,31.698226,0
                131.064717,31.698071,0
                131.064996,31.696978,0
                131.065275,31.696588,0
                131.066293,31.696118,0
                131.066756,31.695415,0
                131.067311,31.695493,0
                131.067402,31.696351,0
                131.067679,31.696507,0
                131.067492,31.697209,0
                131.067861,31.697989,0
                131.068138,31.698145,0
                131.069063,31.69791,0
                131.069798,31.700172,0
                131.06591,31.702829,0
                131.063785,31.701583,0
              </coordinates>
            </LinearRing>
          </outerBoundaryIs>
        </Polygon>
      </Placemark>
      <Placemark>
        <name>M170｜元区画287</name>
        <description><![CDATA[元区画: 287<br>統合方法: retained_single_cell<br>紙地図の既存境界を保持]]></description>
        <styleUrl>#poly-7AB955-2000-125</styleUrl>
        <Polygon>
          <outerBoundaryIs>
            <LinearRing>
              <tessellate>1</tessellate>
              <coordinates>
                131.083481,31.70039,0
                131.084409,31.698985,0
                131.084599,31.69641,0
                131.085248,31.695082,0
                131.089591,31.696404,0
                131.089868,31.69656,0
                131.089773,31.698042,0
                131.091252,31.698119,0
                131.091154,31.701084,0
                131.087179,31.700698,0
                131.085701,31.700154,0
                131.084591,31.700467,0
                131.083481,31.70039,0
              </coordinates>
            </LinearRing>
          </outerBoundaryIs>
        </Polygon>
      </Placemark>
      <Placemark>
        <name>M171｜元区画289</name>
        <description><![CDATA[元区画: 289<br>統合方法: retained_single_cell<br>紙地図の既存境界を保持]]></description>
        <styleUrl>#poly-5599FF-2000-125</styleUrl>
        <Polygon>
          <outerBoundaryIs>
            <LinearRing>
              <tessellate>1</tessellate>
              <coordinates>
                131.110391,31.698175,0
                131.110392,31.697629,0
                131.116405,31.696061,0
                131.116218,31.696686,0
                131.11557,31.697155,0
                131.115382,31.698793,0
                131.114827,31.699262,0
                131.113532,31.69942,0
                131.113069,31.699732,0
                131.111959,31.699734,0
                131.110756,31.700515,0
                131.110391,31.698175,0
              </coordinates>
            </LinearRing>
          </outerBoundaryIs>
        </Polygon>
      </Placemark>
      <Placemark>
        <name>M172｜元区画250</name>
        <description><![CDATA[元区画: 250<br>統合方法: retained_single_cell<br>紙地図の既存境界を保持]]></description>
        <styleUrl>#poly-507FFF-2000-125</styleUrl>
        <Polygon>
          <outerBoundaryIs>
            <LinearRing>
              <tessellate>1</tessellate>
              <coordinates>
                131.115382,31.698715,0
                131.11557,31.697155,0
                131.116218,31.696686,0
                131.116405,31.696061,0
                131.117052,31.695982,0
                131.118349,31.694888,0
                131.119366,31.694653,0
                131.118906,31.693561,0
                131.119,31.692937,0
                131.118354,31.692157,0
                131.118633,31.691377,0
                131.118079,31.690831,0
                131.119004,31.690596,0
                131.11919,31.690284,0
                131.120022,31.690049,0
                131.121039,31.689969,0
                131.121964,31.690124,0
                131.119447,31.700584,0
                131.119352,31.701676,0
                131.119537,31.701754,0
                131.119536,31.702144,0
                131.118979,31.703471,0
                131.118054,31.703862,0
                131.118145,31.704487,0
                131.118883,31.70511,0
                131.118883,31.705344,0
                131.118605,31.705501,0
                131.117958,31.705501,0
                131.118419,31.706281,0
                131.116107,31.706362,0
                131.115649,31.704255,0
                131.116205,31.703787,0
                131.116298,31.703084,0
                131.115746,31.701836,0
                131.115382,31.698715,0
              </coordinates>
            </LinearRing>
          </outerBoundaryIs>
        </Polygon>
      </Placemark>
      <Placemark>
        <name>M173｜元区画286 297</name>
        <description><![CDATA[元区画: 286 297<br>統合方法: merged_adjacent_pair<br>紙地図の既存境界を保持]]></description>
        <styleUrl>#poly-FFA54E-2000-125</styleUrl>
        <Polygon>
          <outerBoundaryIs>
            <LinearRing>
              <tessellate>1</tessellate>
              <coordinates>
                131.030136,31.698812,0
                131.030137,31.698656,0
                131.031988,31.697796,0
                131.032728,31.697171,0
                131.033656,31.695765,0
                131.035045,31.694671,0
                131.035508,31.694437,0
                131.037912,31.694122,0
                131.038373,31.694902,0
                131.036707,31.695918,0
                131.036428,31.696308,0
                131.036982,31.696854,0
                131.037445,31.696697,0
                131.037907,31.696853,0
                131.038185,31.69654,0
                131.039386,31.696695,0
                131.039479,31.696383,0
                131.039664,31.696383,0
                131.041786,31.698955,0
                131.041785,31.699189,0
                131.04123,31.699424,0
                131.039566,31.699582,0
                131.039289,31.699348,0
                131.038549,31.699349,0
                131.035775,31.699742,0
                131.03457,31.701148,0
                131.033738,31.700837,0
                131.032261,31.69959,0
                131.030875,31.69928,0
                131.030136,31.698812,0
              </coordinates>
            </LinearRing>
          </outerBoundaryIs>
        </Polygon>
      </Placemark>
      <Placemark>
        <name>M174｜元区画296 307</name>
        <description><![CDATA[元区画: 296 307<br>統合方法: merged_adjacent_pair<br>紙地図の既存境界を保持]]></description>
        <styleUrl>#poly-7AB955-2000-125</styleUrl>
        <Polygon>
          <outerBoundaryIs>
            <LinearRing>
              <tessellate>1</tessellate>
              <coordinates>
                131.074611,31.697435,0
                131.074797,31.697123,0
                131.077574,31.695325,0
                131.078036,31.695559,0
                131.078774,31.696416,0
                131.078681,31.69665,0
                131.077478,31.697042,0
                131.077384,31.697978,0
                131.076459,31.698057,0
                131.076919,31.699071,0
                131.076919,31.699462,0
                131.076734,31.69954,0
                131.076179,31.69954,0
                131.076087,31.698994,0
                131.074611,31.697435,0
              </coordinates>
            </LinearRing>
          </outerBoundaryIs>
        </Polygon>
      </Placemark>
      <Placemark>
        <name>M175｜元区画290</name>
        <description><![CDATA[元区画: 290<br>統合方法: retained_single_cell<br>紙地図の既存境界を保持]]></description>
        <styleUrl>#poly-5599FF-2000-125</styleUrl>
        <Polygon>
          <outerBoundaryIs>
            <LinearRing>
              <tessellate>1</tessellate>
              <coordinates>
                131.079512,31.697274,0
                131.07979,31.696649,0
                131.081736,31.694462,0
                131.081922,31.693994,0
                131.082384,31.694071,0
                131.082938,31.694461,0
                131.083124,31.694148,0
                131.083586,31.694382,0
                131.084233,31.694381,0
                131.085341,31.695004,0
                131.084599,31.69641,0
                131.084409,31.698985,0
                131.083481,31.700312,0
                131.080802,31.699535,0
                131.08034,31.699067,0
                131.080343,31.697819,0
                131.079512,31.697274,0
              </coordinates>
            </LinearRing>
          </outerBoundaryIs>
        </Polygon>
      </Placemark>
      <Placemark>
        <name>M176｜元区画292 305</name>
        <description><![CDATA[元区画: 292 305<br>統合方法: merged_adjacent_pair<br>紙地図の既存境界を保持]]></description>
        <styleUrl>#poly-507FFF-2000-125</styleUrl>
        <Polygon>
          <outerBoundaryIs>
            <LinearRing>
              <tessellate>1</tessellate>
              <coordinates>
                131.056117,31.698549,0
                131.056958,31.694256,0
                131.060378,31.694798,0
                131.061021,31.697061,0
                131.06028,31.697374,0
                131.060095,31.697686,0
                131.060186,31.69831,0
                131.057594,31.699874,0
                131.056302,31.698939,0
                131.056117,31.698549,0
              </coordinates>
            </LinearRing>
          </outerBoundaryIs>
        </Polygon>
      </Placemark>
      <Placemark>
        <name>M177｜元区画299</name>
        <description><![CDATA[元区画: 299<br>統合方法: retained_single_cell<br>紙地図の既存境界を保持]]></description>
        <styleUrl>#poly-FFA54E-2000-125</styleUrl>
        <Polygon>
          <outerBoundaryIs>
            <LinearRing>
              <tessellate>1</tessellate>
              <coordinates>
                131.039572,31.696383,0
                131.041052,31.695835,0
                131.045399,31.695362,0
                131.048079,31.695671,0
                131.048818,31.695982,0
                131.048818,31.696294,0
                131.047984,31.697075,0
                131.047706,31.6977,0
                131.044469,31.697938,0
                131.041878,31.698955,0
                131.041601,31.698877,0
                131.039572,31.696383,0
              </coordinates>
            </LinearRing>
          </outerBoundaryIs>
        </Polygon>
      </Placemark>
      <Placemark>
        <name>M178｜元区画300</name>
        <description><![CDATA[元区画: 300<br>統合方法: retained_single_cell<br>紙地図の既存境界を保持]]></description>
        <styleUrl>#poly-7AB955-2000-125</styleUrl>
        <Polygon>
          <outerBoundaryIs>
            <LinearRing>
              <tessellate>1</tessellate>
              <coordinates>
                131.092454,31.698273,0
                131.092463,31.693435,0
                131.094311,31.694058,0
                131.09431,31.69476,0
                131.095975,31.694368,0
                131.095324,31.696007,0
                131.097357,31.696629,0
                131.096893,31.6978,0
                131.096338,31.697801,0
                131.095968,31.698035,0
                131.09569,31.69827,0
                131.095596,31.698738,0
                131.09458,31.698427,0
                131.092454,31.698273,0
              </coordinates>
            </LinearRing>
          </outerBoundaryIs>
        </Polygon>
      </Placemark>
      <Placemark>
        <name>M179｜元区画281</name>
        <description><![CDATA[元区画: 281<br>統合方法: retained_single_cell<br>紙地図の既存境界を保持]]></description>
        <styleUrl>#poly-5599FF-2000-125</styleUrl>
        <Polygon>
          <outerBoundaryIs>
            <LinearRing>
              <tessellate>1</tessellate>
              <coordinates>
                131.062677,31.701272,0
                131.062681,31.699166,0
                131.06333,31.697994,0
                131.063241,31.696122,0
                131.064361,31.69097,0
                131.066302,31.691202,0
                131.066394,31.691748,0
                131.065833,31.694636,0
                131.066388,31.694792,0
                131.066756,31.695493,0
                131.066015,31.696353,0
                131.065275,31.696588,0
                131.064996,31.696978,0
                131.064717,31.698071,0
                131.065086,31.698226,0
                131.065174,31.700645,0
                131.064248,31.701349,0
                131.063045,31.701818,0
                131.062768,31.701741,0
                131.062677,31.701272,0
              </coordinates>
            </LinearRing>
          </outerBoundaryIs>
        </Polygon>
      </Placemark>
      <Placemark>
        <name>M180｜元区画298 302</name>
        <description><![CDATA[元区画: 298 302<br>統合方法: merged_adjacent_pair<br>紙地図の既存境界を保持]]></description>
        <styleUrl>#poly-507FFF-2000-125</styleUrl>
        <Polygon>
          <outerBoundaryIs>
            <LinearRing>
              <tessellate>1</tessellate>
              <coordinates>
                131.047613,31.697856,0
                131.047984,31.697075,0
                131.049003,31.696138,0
                131.049559,31.695279,0
                131.049747,31.694108,0
                131.049471,31.693094,0
                131.050118,31.693093,0
                131.050027,31.692703,0
                131.05169,31.693404,0
                131.051689,31.69395,0
                131.052058,31.69434,0
                131.051964,31.694808,0
                131.055756,31.694101,0
                131.056958,31.694256,0
                131.056119,31.698003,0
                131.056117,31.698549,0
                131.056486,31.699173,0
                131.054914,31.69933,0
                131.0551,31.69855,0
                131.054546,31.698629,0
                131.054362,31.698005,0
                131.053622,31.698318,0
                131.050663,31.698321,0
                131.050201,31.698009,0
                131.049092,31.698089,0
                131.049,31.697855,0
                131.047613,31.697856,0
              </coordinates>
            </LinearRing>
          </outerBoundaryIs>
        </Polygon>
      </Placemark>
      <Placemark>
        <name>M181｜元区画303</name>
        <description><![CDATA[元区画: 303<br>統合方法: retained_single_cell<br>紙地図の既存境界を保持]]></description>
        <styleUrl>#poly-FFA54E-2000-125</styleUrl>
        <Polygon>
          <outerBoundaryIs>
            <LinearRing>
              <tessellate>1</tessellate>
              <coordinates>
                131.086542,31.695549,0
                131.087471,31.693441,0
                131.090427,31.694686,0
                131.091628,31.694919,0
                131.092183,31.694918,0
                131.092463,31.693747,0
                131.092454,31.698273,0
                131.089773,31.698042,0
                131.089868,31.69656,0
                131.089037,31.69617,0
                131.086542,31.695549,0
              </coordinates>
            </LinearRing>
          </outerBoundaryIs>
        </Polygon>
      </Placemark>
      <Placemark>
        <name>M182｜元区画317</name>
        <description><![CDATA[元区画: 317<br>統合方法: retained_single_cell<br>紙地図の既存境界を保持]]></description>
        <styleUrl>#poly-7AB955-2000-125</styleUrl>
        <Polygon>
          <outerBoundaryIs>
            <LinearRing>
              <tessellate>1</tessellate>
              <coordinates>
                131.036428,31.696308,0
                131.036707,31.695918,0
                131.03828,31.69498,0
                131.038373,31.694745,0
                131.039669,31.694042,0
                131.039946,31.694041,0
                131.040867,31.695835,0
                131.039572,31.696305,0
                131.039386,31.696695,0
                131.038185,31.69654,0
                131.037907,31.696853,0
                131.03726,31.696698,0
                131.036982,31.696854,0
                131.036428,31.696308,0
              </coordinates>
            </LinearRing>
          </outerBoundaryIs>
        </Polygon>
      </Placemark>
      <Placemark>
        <name>M183｜元区画309 313</name>
        <description><![CDATA[元区画: 309 313<br>統合方法: merged_adjacent_pair<br>紙地図の既存境界を保持]]></description>
        <styleUrl>#poly-5599FF-2000-125</styleUrl>
        <Polygon>
          <outerBoundaryIs>
            <LinearRing>
              <tessellate>1</tessellate>
              <coordinates>
                131.098743,31.697096,0
                131.101618,31.692723,0
                131.103192,31.691706,0
                131.104209,31.691627,0
                131.104856,31.691783,0
                131.104948,31.692017,0
                131.104392,31.692563,0
                131.104576,31.693031,0
                131.103371,31.694359,0
                131.103556,31.694515,0
                131.103463,31.694827,0
                131.103925,31.695217,0
                131.103739,31.695373,0
                131.103462,31.695296,0
                131.103462,31.69553,0
                131.103092,31.695452,0
                131.102441,31.69756,0
                131.101702,31.697248,0
                131.102074,31.695687,0
                131.101612,31.695532,0
                131.100779,31.696235,0
                131.100591,31.697796,0
                131.100406,31.697952,0
                131.098743,31.697096,0
              </coordinates>
            </LinearRing>
          </outerBoundaryIs>
        </Polygon>
      </Placemark>
      <Placemark>
        <name>M184｜元区画306</name>
        <description><![CDATA[元区画: 306<br>統合方法: retained_single_cell<br>紙地図の既存境界を保持]]></description>
        <styleUrl>#poly-507FFF-2000-125</styleUrl>
        <Polygon>
          <outerBoundaryIs>
            <LinearRing>
              <tessellate>1</tessellate>
              <coordinates>
                131.065833,31.694636,0
                131.066395,31.69128,0
                131.070739,31.691899,0
                131.070272,31.694319,0
                131.070919,31.694396,0
                131.070825,31.695099,0
                131.072117,31.696424,0
                131.072116,31.696658,0
                131.07082,31.697596,0
                131.067953,31.698145,0
                131.067492,31.697209,0
                131.067679,31.696507,0
                131.067402,31.696351,0
                131.067311,31.695493,0
                131.066756,31.695415,0
                131.066295,31.694714,0
                131.065833,31.694636,0
              </coordinates>
            </LinearRing>
          </outerBoundaryIs>
        </Polygon>
      </Placemark>
      <Placemark>
        <name>M185｜元区画301 312</name>
        <description><![CDATA[元区画: 301 312<br>統合方法: merged_adjacent_pair<br>紙地図の既存境界を保持]]></description>
        <styleUrl>#poly-FFA54E-2000-125</styleUrl>
        <Polygon>
          <outerBoundaryIs>
            <LinearRing>
              <tessellate>1</tessellate>
              <coordinates>
                131.025987,31.693121,0
                131.026172,31.693043,0
                131.025988,31.692887,0
                131.02608,31.692653,0
                131.026543,31.692652,0
                131.027376,31.692183,0
                131.028669,31.692572,0
                131.028578,31.692182,0
                131.031352,31.692022,0
                131.03126,31.691554,0
                131.033202,31.691474,0
                131.034033,31.692019,0
                131.033379,31.695453,0
                131.033379,31.695609,0
                131.033841,31.695687,0
                131.032728,31.697171,0
                131.031988,31.697796,0
                131.030137,31.698734,0
                131.029674,31.698735,0
                131.029675,31.698345,0
                131.029399,31.697877,0
                131.029214,31.697877,0
                131.029214,31.697565,0
                131.028937,31.697565,0
                131.02903,31.697175,0
                131.028662,31.696551,0
                131.027739,31.695538,0
                131.027462,31.695538,0
                131.027462,31.695226,0
                131.027185,31.694992,0
                131.026908,31.695071,0
                131.026909,31.694602,0
                131.026355,31.694057,0
                131.026172,31.693121,0
                131.025987,31.693121,0
              </coordinates>
            </LinearRing>
          </outerBoundaryIs>
        </Polygon>
      </Placemark>
      <Placemark>
        <name>M186｜元区画314 325</name>
        <description><![CDATA[元区画: 314 325<br>統合方法: merged_adjacent_pair<br>紙地図の既存境界を保持]]></description>
        <styleUrl>#poly-7AB955-2000-125</styleUrl>
        <Polygon>
          <outerBoundaryIs>
            <LinearRing>
              <tessellate>1</tessellate>
              <coordinates>
                131.077666,31.695325,0
                131.081925,31.692589,0
                131.082388,31.692354,0
                131.082757,31.692432,0
                131.081922,31.694228,0
                131.07979,31.696649,0
                131.079604,31.697196,0
                131.07905,31.696884,0
                131.077666,31.695325,0
              </coordinates>
            </LinearRing>
          </outerBoundaryIs>
        </Polygon>
      </Placemark>
      <Placemark>
        <name>M187｜元区画308 327</name>
        <description><![CDATA[元区画: 308 327<br>統合方法: merged_adjacent_pair<br>紙地図の既存境界を保持]]></description>
        <styleUrl>#poly-5599FF-2000-125</styleUrl>
        <Polygon>
          <outerBoundaryIs>
            <LinearRing>
              <tessellate>1</tessellate>
              <coordinates>
                131.070272,31.694319,0
                131.070739,31.691899,0
                131.07305,31.692209,0
                131.074807,31.691895,0
                131.075083,31.692441,0
                131.07351,31.693301,0
                131.073509,31.693769,0
                131.074063,31.694003,0
                131.076093,31.696341,0
                131.073778,31.697904,0
                131.073408,31.697983,0
                131.070825,31.695099,0
                131.070919,31.694396,0
                131.070272,31.694319,0
              </coordinates>
            </LinearRing>
          </outerBoundaryIs>
        </Polygon>
      </Placemark>
      <Placemark>
        <name>M188｜元区画310 324</name>
        <description><![CDATA[元区画: 310 324<br>統合方法: merged_adjacent_pair<br>紙地図の既存境界を保持]]></description>
        <styleUrl>#poly-507FFF-2000-125</styleUrl>
        <Polygon>
          <outerBoundaryIs>
            <LinearRing>
              <tessellate>1</tessellate>
              <coordinates>
                131.10244,31.697638,0
                131.103092,31.695452,0
                131.103462,31.69553,0
                131.103462,31.695296,0
                131.103739,31.695373,0
                131.103925,31.695217,0
                131.103463,31.694827,0
                131.103556,31.694515,0
                131.103371,31.694359,0
                131.104483,31.693188,0
                131.104392,31.692563,0
                131.104948,31.691861,0
                131.105502,31.692094,0
                131.105686,31.692562,0
                131.106426,31.692795,0
                131.108182,31.692871,0
                131.107441,31.693887,0
                131.103549,31.697871,0
                131.10244,31.697638,0
              </coordinates>
            </LinearRing>
          </outerBoundaryIs>
        </Polygon>
      </Placemark>
      <Placemark>
        <name>M189｜元区画315</name>
        <description><![CDATA[元区画: 315<br>統合方法: retained_single_cell<br>紙地図の既存境界を保持]]></description>
        <styleUrl>#poly-FFA54E-2000-125</styleUrl>
        <Polygon>
          <outerBoundaryIs>
            <LinearRing>
              <tessellate>1</tessellate>
              <coordinates>
                131.087563,31.693441,0
                131.08886,31.692035,0
                131.090064,31.691097,0
                131.091264,31.692266,0
                131.092004,31.691797,0
                131.093207,31.691562,0
                131.094037,31.692497,0
                131.094407,31.692341,0
                131.097735,31.692415,0
                131.098104,31.693039,0
                131.098195,31.693819,0
                131.099582,31.693895,0
                131.10097,31.693192,0
                131.101247,31.693347,0
                131.098836,31.697018,0
                131.095324,31.696007,0
                131.095975,31.694368,0
                131.09431,31.69476,0
                131.094311,31.694058,0
                131.092463,31.693435,0
                131.092183,31.694918,0
                131.091628,31.694919,0
                131.08978,31.694453,0
                131.087563,31.693441,0
              </coordinates>
            </LinearRing>
          </outerBoundaryIs>
        </Polygon>
      </Placemark>
      <Placemark>
        <name>M190｜元区画311</name>
        <description><![CDATA[元区画: 311<br>統合方法: retained_single_cell<br>紙地図の既存境界を保持]]></description>
        <styleUrl>#poly-7AB955-2000-125</styleUrl>
        <Polygon>
          <outerBoundaryIs>
            <LinearRing>
              <tessellate>1</tessellate>
              <coordinates>
                131.10568,31.695683,0
                131.113278,31.687559,0
                131.113555,31.687481,0
                131.116405,31.696061,0
                131.110762,31.697628,0
                131.110114,31.697629,0
                131.107527,31.697008,0
                131.106882,31.695994,0
                131.10568,31.695683,0
              </coordinates>
            </LinearRing>
          </outerBoundaryIs>
        </Polygon>
      </Placemark>
      <Placemark>
        <name>M191｜元区画318</name>
        <description><![CDATA[元区画: 318<br>統合方法: retained_single_cell<br>紙地図の既存境界を保持]]></description>
        <styleUrl>#poly-5599FF-2000-125</styleUrl>
        <Polygon>
          <outerBoundaryIs>
            <LinearRing>
              <tessellate>1</tessellate>
              <coordinates>
                131.073509,31.693769,0
                131.07351,31.693301,0
                131.075083,31.692441,0
                131.074807,31.691895,0
                131.077027,31.69119,0
                131.079426,31.693996,0
                131.079425,31.694231,0
                131.076093,31.696263,0
                131.075539,31.695874,0
                131.074063,31.694003,0
                131.073509,31.693769,0
              </coordinates>
            </LinearRing>
          </outerBoundaryIs>
        </Polygon>
      </Placemark>
      <Placemark>
        <name>M192｜元区画321</name>
        <description><![CDATA[元区画: 321<br>統合方法: retained_single_cell<br>紙地図の既存境界を保持]]></description>
        <styleUrl>#poly-507FFF-2000-125</styleUrl>
        <Polygon>
          <outerBoundaryIs>
            <LinearRing>
              <tessellate>1</tessellate>
              <coordinates>
                131.036898,31.692484,0
                131.036991,31.692328,0
                131.038656,31.692092,0
                131.041337,31.691933,0
                131.042534,31.694429,0
                131.042624,31.695677,0
                131.040867,31.695913,0
                131.039946,31.694041,0
                131.038281,31.694746,0
                131.037266,31.693342,0
                131.036898,31.692484,0
              </coordinates>
            </LinearRing>
          </outerBoundaryIs>
        </Polygon>
      </Placemark>
      <Placemark>
        <name>M193｜元区画323</name>
        <description><![CDATA[元区画: 323<br>統合方法: retained_single_cell<br>紙地図の既存境界を保持]]></description>
        <styleUrl>#poly-FFA54E-2000-125</styleUrl>
        <Polygon>
          <outerBoundaryIs>
            <LinearRing>
              <tessellate>1</tessellate>
              <coordinates>
                131.082015,31.693993,0
                131.08285,31.69212,0
                131.084424,31.691104,0
                131.087563,31.693363,0
                131.086542,31.695549,0
                131.08571,31.695316,0
                131.084233,31.694381,0
                131.083586,31.694382,0
                131.083124,31.694148,0
                131.082938,31.694461,0
                131.082015,31.693993,0
              </coordinates>
            </LinearRing>
          </outerBoundaryIs>
        </Polygon>
      </Placemark>
      <Placemark>
        <name>M194｜元区画316</name>
        <description><![CDATA[元区画: 316<br>統合方法: retained_single_cell<br>紙地図の既存境界を保持]]></description>
        <styleUrl>#poly-7AB955-2000-125</styleUrl>
        <Polygon>
          <outerBoundaryIs>
            <LinearRing>
              <tessellate>1</tessellate>
              <coordinates>
                131.057051,31.694256,0
                131.058721,31.691055,0
                131.058815,31.690118,0
                131.064361,31.690892,0
                131.063241,31.696122,0
                131.063333,31.696668,0
                131.062038,31.696669,0
                131.06176,31.69706,0
                131.061113,31.697061,0
                131.060378,31.694798,0
                131.057051,31.694256,0
              </coordinates>
            </LinearRing>
          </outerBoundaryIs>
        </Polygon>
      </Placemark>
      <Placemark>
        <name>M195｜元区画322 332</name>
        <description><![CDATA[元区画: 322 332<br>統合方法: merged_adjacent_pair<br>紙地図の既存境界を保持]]></description>
        <styleUrl>#poly-5599FF-2000-125</styleUrl>
        <Polygon>
          <outerBoundaryIs>
            <LinearRing>
              <tessellate>1</tessellate>
              <coordinates>
                131.033379,31.695609,0
                131.034033,31.692019,0
                131.034773,31.692018,0
                131.034682,31.691316,0
                131.036532,31.690924,0
                131.037082,31.69303,0
                131.03782,31.694122,0
                131.035508,31.694437,0
                131.033933,31.695609,0
                131.033379,31.695609,0
              </coordinates>
            </LinearRing>
          </outerBoundaryIs>
        </Polygon>
      </Placemark>
      <Placemark>
        <name>M196｜元区画319</name>
        <description><![CDATA[元区画: 319<br>統合方法: retained_single_cell<br>紙地図の既存境界を保持]]></description>
        <styleUrl>#poly-507FFF-2000-125</styleUrl>
        <Polygon>
          <outerBoundaryIs>
            <LinearRing>
              <tessellate>1</tessellate>
              <coordinates>
                131.041337,31.692089,0
                131.041337,31.691933,0
                131.044204,31.691696,0
                131.044852,31.691461,0
                131.046333,31.690523,0
                131.04726,31.689117,0
                131.048924,31.689505,0
                131.048643,31.69091,0
                131.049747,31.694108,0
                131.049745,31.694811,0
                131.049188,31.695904,0
                131.048818,31.696138,0
                131.048449,31.695748,0
                131.046323,31.695517,0
                131.046138,31.695361,0
                131.042624,31.695677,0
                131.042534,31.694429,0
                131.041337,31.692089,0
              </coordinates>
            </LinearRing>
          </outerBoundaryIs>
        </Polygon>
      </Placemark>
      <Placemark>
        <name>M197｜元区画329</name>
        <description><![CDATA[元区画: 329<br>統合方法: retained_single_cell<br>紙地図の既存境界を保持]]></description>
        <styleUrl>#poly-FFA54E-2000-125</styleUrl>
        <Polygon>
          <outerBoundaryIs>
            <LinearRing>
              <tessellate>1</tessellate>
              <coordinates>
                131.097735,31.692493,0
                131.098013,31.692259,0
                131.097923,31.69101,0
                131.099126,31.690619,0
                131.099589,31.689994,0
                131.100329,31.689759,0
                131.100978,31.68929,0
                131.102544,31.691785,0
                131.102544,31.692097,0
                131.101618,31.692723,0
                131.101247,31.693347,0
                131.10097,31.693192,0
                131.099582,31.693895,0
                131.098195,31.693819,0
                131.098104,31.693039,0
                131.097735,31.692493,0
              </coordinates>
            </LinearRing>
          </outerBoundaryIs>
        </Polygon>
      </Placemark>
      <Placemark>
        <name>M198｜元区画335</name>
        <description><![CDATA[元区画: 335<br>統合方法: retained_single_cell<br>紙地図の既存境界を保持]]></description>
        <styleUrl>#poly-7AB955-2000-125</styleUrl>
        <Polygon>
          <outerBoundaryIs>
            <LinearRing>
              <tessellate>1</tessellate>
              <coordinates>
                131.02377,31.691953,0
                131.024048,31.691875,0
                131.023865,31.691094,0
                131.024142,31.691016,0
                131.024514,31.689923,0
                131.024884,31.689767,0
                131.026918,31.690077,0
                131.027565,31.689764,0
                131.027749,31.6907,0
                131.03117,31.690462,0
                131.031352,31.692022,0
                131.028578,31.692182,0
                131.028669,31.692572,0
                131.027376,31.692183,0
                131.026543,31.692652,0
                131.02608,31.692653,0
                131.026081,31.692262,0
                131.025619,31.692185,0
                131.025618,31.692497,0
                131.024324,31.692577,0
                131.024048,31.691953,0
                131.02377,31.691953,0
              </coordinates>
            </LinearRing>
          </outerBoundaryIs>
        </Polygon>
      </Placemark>
      <Placemark>
        <name>M199｜元区画337</name>
        <description><![CDATA[元区画: 337<br>統合方法: retained_single_cell<br>紙地図の既存境界を保持]]></description>
        <styleUrl>#poly-5599FF-2000-125</styleUrl>
        <Polygon>
          <outerBoundaryIs>
            <LinearRing>
              <tessellate>1</tessellate>
              <coordinates>
                131.081187,31.691497,0
                131.081558,31.690873,0
                131.08341,31.689544,0
                131.084424,31.690948,0
                131.084424,31.691182,0
                131.083128,31.691885,0
                131.082757,31.692432,0
                131.081649,31.692043,0
                131.081187,31.691497,0
              </coordinates>
            </LinearRing>
          </outerBoundaryIs>
        </Polygon>
      </Placemark>
      <Placemark>
        <name>M200｜元区画326</name>
        <description><![CDATA[元区画: 326<br>統合方法: retained_single_cell<br>紙地図の既存境界を保持]]></description>
        <styleUrl>#poly-507FFF-2000-125</styleUrl>
        <Polygon>
          <outerBoundaryIs>
            <LinearRing>
              <tessellate>1</tessellate>
              <coordinates>
                131.048643,31.69091,0
                131.048738,31.689974,0
                131.049573,31.688178,0
                131.04939,31.687164,0
                131.052257,31.686926,0
                131.051976,31.688878,0
                131.056043,31.689497,0
                131.05632,31.689497,0
                131.056508,31.68817,0
                131.058911,31.68848,0
                131.058721,31.691055,0
                131.057051,31.694256,0
                131.055756,31.694101,0
                131.051964,31.694808,0
                131.052058,31.69434,0
                131.051689,31.69395,0
                131.05169,31.693404,0
                131.051505,31.693248,0
                131.050212,31.692703,0
                131.050027,31.692703,0
                131.050118,31.693093,0
                131.049379,31.693094,0
                131.048643,31.69091,0
              </coordinates>
            </LinearRing>
          </outerBoundaryIs>
        </Polygon>
      </Placemark>
      <Placemark>
        <name>M201｜元区画328 346</name>
        <description><![CDATA[元区画: 328 346<br>統合方法: merged_adjacent_pair<br>紙地図の既存境界を保持]]></description>
        <styleUrl>#poly-FFA54E-2000-125</styleUrl>
        <Polygon>
          <outerBoundaryIs>
            <LinearRing>
              <tessellate>1</tessellate>
              <coordinates>
                131.076382,31.690488,0
                131.076941,31.688147,0
                131.078055,31.686039,0
                131.078239,31.686039,0
                131.081565,31.687361,0
                131.081379,31.687908,0
                131.080824,31.688377,0
                131.081191,31.689547,0
                131.079711,31.690095,0
                131.07971,31.690251,0
                131.079895,31.690484,0
                131.08045,31.690406,0
                131.081556,31.691965,0
                131.082388,31.692276,0
                131.082387,31.692432,0
                131.079425,31.694152,0
                131.077027,31.691268,0
                131.077028,31.691112,0
                131.07786,31.690877,0
                131.07786,31.690721,0
                131.076382,31.690488,0
              </coordinates>
            </LinearRing>
          </outerBoundaryIs>
        </Polygon>
      </Placemark>
      <Placemark>
        <name>M202｜元区画331</name>
        <description><![CDATA[元区画: 331<br>統合方法: retained_single_cell<br>紙地図の既存境界を保持]]></description>
        <styleUrl>#poly-7AB955-2000-125</styleUrl>
        <Polygon>
          <outerBoundaryIs>
            <LinearRing>
              <tessellate>1</tessellate>
              <coordinates>
                131.084978,31.691493,0
                131.085441,31.691024,0
                131.085351,31.689698,0
                131.085537,31.68923,0
                131.08674,31.68876,0
                131.087297,31.687823,0
                131.088499,31.687744,0
                131.089608,31.687976,0
                131.091087,31.687975,0
                131.093308,31.68727,0
                131.09414,31.687269,0
                131.094599,31.688595,0
                131.094135,31.689454,0
                131.094411,31.690468,0
                131.093763,31.690703,0
                131.093022,31.69164,0
                131.092004,31.691797,0
                131.091264,31.692266,0
                131.090064,31.691097,0
                131.087471,31.693363,0
                131.084978,31.691493,0
              </coordinates>
            </LinearRing>
          </outerBoundaryIs>
        </Polygon>
      </Placemark>
      <Placemark>
        <name>M203｜元区画339</name>
        <description><![CDATA[元区画: 339<br>統合方法: retained_single_cell<br>紙地図の既存境界を保持]]></description>
        <styleUrl>#poly-5599FF-2000-125</styleUrl>
        <Polygon>
          <outerBoundaryIs>
            <LinearRing>
              <tessellate>1</tessellate>
              <coordinates>
                131.068613,31.69159,0
                131.069452,31.687921,0
                131.069177,31.686673,0
                131.069917,31.68675,0
                131.069916,31.687062,0
                131.070193,31.68714,0
                131.073891,31.687604,0
                131.073797,31.688072,0
                131.074537,31.688072,0
                131.074999,31.688461,0
                131.076848,31.688537,0
                131.076382,31.690488,0
                131.07786,31.690721,0
                131.07786,31.690877,0
                131.077305,31.691112,0
                131.074992,31.691895,0
                131.07305,31.692209,0
                131.068613,31.69159,0
              </coordinates>
            </LinearRing>
          </outerBoundaryIs>
        </Polygon>
      </Placemark>
      <Placemark>
        <name>M204｜元区画338 349</name>
        <description><![CDATA[元区画: 338 349<br>統合方法: merged_adjacent_pair<br>紙地図の既存境界を保持]]></description>
        <styleUrl>#poly-507FFF-2000-125</styleUrl>
        <Polygon>
          <outerBoundaryIs>
            <LinearRing>
              <tessellate>1</tessellate>
              <coordinates>
                131.03589,31.688116,0
                131.035983,31.687725,0
                131.039128,31.687176,0
                131.041245,31.691933,0
                131.038656,31.692092,0
                131.036898,31.692406,0
                131.03589,31.688116,0
              </coordinates>
            </LinearRing>
          </outerBoundaryIs>
        </Polygon>
      </Placemark>
      <Placemark>
        <name>M205｜元区画340 348</name>
        <description><![CDATA[元区画: 340 348<br>統合方法: merged_adjacent_pair<br>紙地図の既存境界を保持]]></description>
        <styleUrl>#poly-FFA54E-2000-125</styleUrl>
        <Polygon>
          <outerBoundaryIs>
            <LinearRing>
              <tessellate>1</tessellate>
              <coordinates>
                131.03126,31.691554,0
                131.031261,31.691008,0
                131.032187,31.690539,0
                131.031914,31.688042,0
                131.033301,31.687962,0
                131.034041,31.687728,0
                131.03589,31.687881,0
                131.036532,31.690612,0
                131.036439,31.691002,0
                131.035237,31.691082,0
                131.034682,31.691316,0
                131.034773,31.692018,0
                131.033941,31.692019,0
                131.033202,31.691474,0
                131.03126,31.691554,0
              </coordinates>
            </LinearRing>
          </outerBoundaryIs>
        </Polygon>
      </Placemark>
      <Placemark>
        <name>M206｜元区画336</name>
        <description><![CDATA[元区画: 336<br>統合方法: retained_single_cell<br>紙地図の既存境界を保持]]></description>
        <styleUrl>#poly-7AB955-2000-125</styleUrl>
        <Polygon>
          <outerBoundaryIs>
            <LinearRing>
              <tessellate>1</tessellate>
              <coordinates>
                131.093114,31.691562,0
                131.093948,31.690546,0
                131.094411,31.690468,0
                131.094135,31.689454,0
                131.094506,31.688829,0
                131.095432,31.688126,0
                131.100706,31.686559,0
                131.101168,31.686559,0
                131.101998,31.687338,0
                131.10209,31.68765,0
                131.101812,31.688041,0
                131.10135,31.688041,0
                131.101257,31.688197,0
                131.100978,31.689212,0
                131.100329,31.689759,0
                131.099589,31.689994,0
                131.099126,31.690619,0
                131.097923,31.69101,0
                131.098013,31.692259,0
                131.097828,31.692415,0
                131.094407,31.692341,0
                131.094037,31.692497,0
                131.093114,31.691562,0
              </coordinates>
            </LinearRing>
          </outerBoundaryIs>
        </Polygon>
      </Placemark>
      <Placemark>
        <name>M207｜元区画333 334</name>
        <description><![CDATA[元区画: 333 334<br>統合方法: merged_adjacent_pair<br>紙地図の既存境界を保持]]></description>
        <styleUrl>#poly-5599FF-2000-125</styleUrl>
        <Polygon>
          <outerBoundaryIs>
            <LinearRing>
              <tessellate>1</tessellate>
              <coordinates>
                131.100885,31.68929,0
                131.10135,31.688041,0
                131.101812,31.688041,0
                131.102091,31.687494,0
                131.102646,31.687181,0
                131.102833,31.686323,0
                131.103018,31.686166,0
                131.103757,31.686244,0
                131.103851,31.685697,0
                131.104406,31.685463,0
                131.104499,31.684994,0
                131.10487,31.684682,0
                131.10598,31.684524,0
                131.106443,31.684134,0
                131.113463,31.687325,0
                131.108367,31.692871,0
                131.106426,31.692795,0
                131.105686,31.692562,0
                131.105502,31.692094,0
                131.105133,31.69186,0
                131.104209,31.691627,0
                131.103469,31.691628,0
                131.102544,31.692019,0
                131.100885,31.68929,0
              </coordinates>
            </LinearRing>
          </outerBoundaryIs>
        </Polygon>
      </Placemark>
      <Placemark>
        <name>M208｜元区画344 351</name>
        <description><![CDATA[元区画: 344 351<br>統合方法: merged_adjacent_pair<br>紙地図の既存境界を保持]]></description>
        <styleUrl>#poly-507FFF-2000-125</styleUrl>
        <Polygon>
          <outerBoundaryIs>
            <LinearRing>
              <tessellate>1</tessellate>
              <coordinates>
                131.07971,31.690251,0
                131.079711,31.690095,0
                131.081191,31.689547,0
                131.080824,31.688377,0
                131.081379,31.687908,0
                131.081565,31.687439,0
                131.082582,31.68775,0
                131.08286,31.68736,0
                131.084061,31.687515,0
                131.083968,31.687983,0
                131.082766,31.68814,0
                131.083503,31.689544,0
                131.082762,31.689857,0
                131.081187,31.691419,0
                131.08045,31.690406,0
                131.079895,31.690484,0
                131.07971,31.690251,0
              </coordinates>
            </LinearRing>
          </outerBoundaryIs>
        </Polygon>
      </Placemark>
      <Placemark>
        <name>M209｜元区画343</name>
        <description><![CDATA[元区画: 343<br>統合方法: retained_single_cell<br>紙地図の既存境界を保持]]></description>
        <styleUrl>#poly-FFA54E-2000-125</styleUrl>
        <Polygon>
          <outerBoundaryIs>
            <LinearRing>
              <tessellate>1</tessellate>
              <coordinates>
                131.082765,31.688296,0
                131.082766,31.68814,0
                131.083968,31.687983,0
                131.084061,31.687515,0
                131.084432,31.68728,0
                131.085171,31.687279,0
                131.08508,31.686577,0
                131.08739,31.687433,0
                131.086925,31.688604,0
                131.085537,31.68923,0
                131.085351,31.689698,0
                131.085441,31.691024,0
                131.084978,31.691415,0
                131.084148,31.690714,0
                131.082765,31.688296,0
              </coordinates>
            </LinearRing>
          </outerBoundaryIs>
        </Polygon>
      </Placemark>
      <Placemark>
        <name>M210｜元区画341</name>
        <description><![CDATA[元区画: 341<br>統合方法: retained_single_cell<br>紙地図の既存境界を保持]]></description>
        <styleUrl>#poly-7AB955-2000-125</styleUrl>
        <Polygon>
          <outerBoundaryIs>
            <LinearRing>
              <tessellate>1</tessellate>
              <coordinates>
                131.039127,31.687332,0
                131.039128,31.687176,0
                131.04144,31.686783,0
                131.041625,31.686548,0
                131.044676,31.686545,0
                131.046065,31.685607,0
                131.047452,31.685605,0
                131.047454,31.684357,0
                131.049303,31.684511,0
                131.049116,31.685682,0
                131.049573,31.688178,0
                131.049016,31.689505,0
                131.04726,31.689117,0
                131.046889,31.689898,0
                131.04624,31.690601,0
                131.044204,31.691696,0
                131.041245,31.691933,0
                131.039127,31.687332,0
              </coordinates>
            </LinearRing>
          </outerBoundaryIs>
        </Polygon>
      </Placemark>
      <Placemark>
        <name>M211｜元区画345 356</name>
        <description><![CDATA[元区画: 345 356<br>統合方法: merged_adjacent_pair<br>紙地図の既存境界を保持]]></description>
        <styleUrl>#poly-5599FF-2000-125</styleUrl>
        <Polygon>
          <outerBoundaryIs>
            <LinearRing>
              <tessellate>1</tessellate>
              <coordinates>
                131.027473,31.689764,0
                131.027474,31.689296,0
                131.02914,31.688123,0
                131.029236,31.686328,0
                131.032658,31.685934,0
                131.035154,31.685932,0
                131.03589,31.687881,0
                131.034041,31.687728,0
                131.033301,31.687962,0
                131.031914,31.688042,0
                131.032187,31.690539,0
                131.031539,31.69093,0
                131.031169,31.691008,0
                131.03117,31.690462,0
                131.027749,31.6907,0
                131.027473,31.689764,0
              </coordinates>
            </LinearRing>
          </outerBoundaryIs>
        </Polygon>
      </Placemark>
      <Placemark>
        <name>M212｜元区画342</name>
        <description><![CDATA[元区画: 342<br>統合方法: retained_single_cell<br>紙地図の既存境界を保持]]></description>
        <styleUrl>#poly-507FFF-2000-125</styleUrl>
        <Polygon>
          <outerBoundaryIs>
            <LinearRing>
              <tessellate>1</tessellate>
              <coordinates>
                131.062151,31.686681,0
                131.062151,31.686525,0
                131.062613,31.686525,0
                131.065204,31.685351,0
                131.067148,31.684022,0
                131.067333,31.684022,0
                131.06724,31.68449,0
                131.067425,31.684568,0
                131.068257,31.684411,0
                131.069453,31.687297,0
                131.068613,31.69159,0
                131.062235,31.690583,0
                131.062702,31.688319,0
                131.062151,31.686681,0
              </coordinates>
            </LinearRing>
          </outerBoundaryIs>
        </Polygon>
      </Placemark>
      <Placemark>
        <name>M213｜元区画352</name>
        <description><![CDATA[元区画: 352<br>統合方法: retained_single_cell<br>紙地図の既存境界を保持]]></description>
        <styleUrl>#poly-FFA54E-2000-125</styleUrl>
        <Polygon>
          <outerBoundaryIs>
            <LinearRing>
              <tessellate>1</tessellate>
              <coordinates>
                131.051976,31.688878,0
                131.052257,31.686926,0
                131.054292,31.68669,0
                131.053831,31.685988,0
                131.053924,31.685754,0
                131.054755,31.685987,0
                131.056512,31.685985,0
                131.058269,31.685671,0
                131.059193,31.686216,0
                131.058911,31.68848,0
                131.056508,31.68817,0
                131.05632,31.689497,0
                131.051976,31.688878,0
              </coordinates>
            </LinearRing>
          </outerBoundaryIs>
        </Polygon>
      </Placemark>
      <Placemark>
        <name>M214｜元区画357</name>
        <description><![CDATA[元区画: 357<br>統合方法: retained_single_cell<br>紙地図の既存境界を保持]]></description>
        <styleUrl>#poly-7AB955-2000-125</styleUrl>
        <Polygon>
          <outerBoundaryIs>
            <LinearRing>
              <tessellate>1</tessellate>
              <coordinates>
                131.087297,31.687823,0
                131.08767,31.686262,0
                131.089058,31.685246,0
                131.089982,31.685635,0
                131.090814,31.685634,0
                131.091184,31.685868,0
                131.092293,31.685866,0
                131.092664,31.685554,0
                131.093588,31.685475,0
                131.093401,31.68688,0
                131.093956,31.686879,0
                131.094047,31.687269,0
                131.093308,31.68727,0
                131.091087,31.687975,0
                131.089608,31.687976,0
                131.088499,31.687744,0
                131.087297,31.687823,0
              </coordinates>
            </LinearRing>
          </outerBoundaryIs>
        </Polygon>
      </Placemark>
      <Placemark>
        <name>M215｜元区画347</name>
        <description><![CDATA[元区画: 347<br>統合方法: retained_single_cell<br>紙地図の既存境界を保持]]></description>
        <styleUrl>#poly-5599FF-2000-125</styleUrl>
        <Polygon>
          <outerBoundaryIs>
            <LinearRing>
              <tessellate>1</tessellate>
              <coordinates>
                131.058815,31.690118,0
                131.058818,31.688714,0
                131.059661,31.683485,0
                131.061604,31.68239,0
                131.062715,31.681999,0
                131.062991,31.68231,0
                131.06299,31.682857,0
                131.062431,31.684886,0
                131.061875,31.685589,0
                131.062702,31.688319,0
                131.062235,31.690583,0
                131.058815,31.690118,0
              </coordinates>
            </LinearRing>
          </outerBoundaryIs>
        </Polygon>
      </Placemark>
      <Placemark>
        <name>M216｜元区画350</name>
        <description><![CDATA[元区画: 350<br>統合方法: retained_single_cell<br>紙地図の既存境界を保持]]></description>
        <styleUrl>#poly-507FFF-2000-125</styleUrl>
        <Polygon>
          <outerBoundaryIs>
            <LinearRing>
              <tessellate>1</tessellate>
              <coordinates>
                131.023041,31.686492,0
                131.023228,31.685555,0
                131.023969,31.684774,0
                131.02397,31.68454,0
                131.024155,31.684539,0
                131.024155,31.684227,0
                131.024526,31.684071,0
                131.024527,31.683291,0
                131.024897,31.68329,0
                131.02536,31.682821,0
                131.026098,31.683601,0
                131.02619,31.684069,0
                131.027206,31.684536,0
                131.027389,31.685394,0
                131.028776,31.685627,0
                131.029237,31.686172,0
                131.029233,31.687889,0
                131.029048,31.688201,0
                131.027474,31.689296,0
                131.027473,31.689842,0
                131.026825,31.690077,0
                131.026641,31.689921,0
                131.024976,31.689845,0
                131.024977,31.689533,0
                131.02544,31.689298,0
                131.025441,31.688908,0
                131.025996,31.688673,0
                131.025997,31.688205,0
                131.02572,31.688049,0
                131.025628,31.687503,0
                131.025351,31.687425,0
                131.025445,31.686645,0
                131.02526,31.686645,0
                131.025261,31.686411,0
                131.024798,31.686411,0
                131.02378,31.687271,0
                131.02378,31.687037,0
                131.02341,31.686959,0
                131.023226,31.686491,0
                131.023041,31.686492,0
              </coordinates>
            </LinearRing>
          </outerBoundaryIs>
        </Polygon>
      </Placemark>
      <Placemark>
        <name>M217｜元区画354 362</name>
        <description><![CDATA[元区画: 354 362<br>統合方法: merged_adjacent_pair<br>紙地図の既存境界を保持]]></description>
        <styleUrl>#poly-FFA54E-2000-125</styleUrl>
        <Polygon>
          <outerBoundaryIs>
            <LinearRing>
              <tessellate>1</tessellate>
              <coordinates>
                131.093401,31.68688,0
                131.093588,31.685475,0
                131.09479,31.685473,0
                131.095345,31.685785,0
                131.095532,31.684692,0
                131.095347,31.68438,0
                131.096364,31.684691,0
                131.099229,31.684922,0
                131.100983,31.686403,0
                131.100983,31.686559,0
                131.100243,31.686794,0
                131.095803,31.687969,0
                131.094692,31.688751,0
                131.094048,31.686957,0
                131.093401,31.68688,0
              </coordinates>
            </LinearRing>
          </outerBoundaryIs>
        </Polygon>
      </Placemark>
      <Placemark>
        <name>M218｜元区画365</name>
        <description><![CDATA[元区画: 365<br>統合方法: retained_single_cell<br>紙地図の既存境界を保持]]></description>
        <styleUrl>#poly-7AB955-2000-125</styleUrl>
        <Polygon>
          <outerBoundaryIs>
            <LinearRing>
              <tessellate>1</tessellate>
              <coordinates>
                131.049116,31.685682,0
                131.049303,31.684511,0
                131.051892,31.684664,0
                131.052723,31.685209,0
                131.054016,31.685676,0
                131.053831,31.685988,0
                131.054292,31.68669,0
                131.04939,31.687164,0
                131.049116,31.685682,0
              </coordinates>
            </LinearRing>
          </outerBoundaryIs>
        </Polygon>
      </Placemark>
      <Placemark>
        <name>M219｜元区画359 360</name>
        <description><![CDATA[元区画: 359 360<br>統合方法: merged_adjacent_pair<br>紙地図の既存境界を保持]]></description>
        <styleUrl>#poly-5599FF-2000-125</styleUrl>
        <Polygon>
          <outerBoundaryIs>
            <LinearRing>
              <tessellate>1</tessellate>
              <coordinates>
                131.078147,31.686039,0
                131.079447,31.683384,0
                131.082865,31.684707,0
                131.084621,31.684939,0
                131.084807,31.684626,0
                131.085177,31.684626,0
                131.086101,31.684859,0
                131.08804,31.685871,0
                131.087577,31.686418,0
                131.08739,31.687433,0
                131.08508,31.686577,0
                131.085171,31.687279,0
                131.084432,31.68728,0
                131.084154,31.687514,0
                131.08286,31.68736,0
                131.082674,31.68775,0
                131.078147,31.686039,0
              </coordinates>
            </LinearRing>
          </outerBoundaryIs>
        </Polygon>
      </Placemark>
      <Placemark>
        <name>M220｜元区画355 366</name>
        <description><![CDATA[元区画: 355 366<br>統合方法: merged_adjacent_pair<br>紙地図の既存境界を保持]]></description>
        <styleUrl>#poly-507FFF-2000-125</styleUrl>
        <Polygon>
          <outerBoundaryIs>
            <LinearRing>
              <tessellate>1</tessellate>
              <coordinates>
                131.07195,31.687372,0
                131.072321,31.686435,0
                131.072876,31.686279,0
                131.073431,31.686434,0
                131.073524,31.685966,0
                131.074634,31.685574,0
                131.074821,31.684872,0
                131.075284,31.684403,0
                131.075197,31.681828,0
                131.079447,31.683306,0
                131.076848,31.688537,0
                131.074999,31.688461,0
                131.074537,31.688072,0
                131.073797,31.688072,0
                131.073891,31.687604,0
                131.07195,31.687372,0
              </coordinates>
            </LinearRing>
          </outerBoundaryIs>
        </Polygon>
      </Placemark>
      <Placemark>
        <name>M221｜元区画358 377</name>
        <description><![CDATA[元区画: 358 377<br>統合方法: merged_adjacent_pair<br>紙地図の既存境界を保持]]></description>
        <styleUrl>#poly-FFA54E-2000-125</styleUrl>
        <Polygon>
          <outerBoundaryIs>
            <LinearRing>
              <tessellate>1</tessellate>
              <coordinates>
                131.034234,31.683826,0
                131.034976,31.68281,0
                131.037103,31.682652,0
                131.039035,31.687254,0
                131.03589,31.687803,0
                131.034234,31.683826,0
              </coordinates>
            </LinearRing>
          </outerBoundaryIs>
        </Polygon>
      </Placemark>
      <Placemark>
        <name>M222｜元区画363 368</name>
        <description><![CDATA[元区画: 363 368<br>統合方法: merged_adjacent_pair<br>紙地図の既存境界を保持]]></description>
        <styleUrl>#poly-7AB955-2000-125</styleUrl>
        <Polygon>
          <outerBoundaryIs>
            <LinearRing>
              <tessellate>1</tessellate>
              <coordinates>
                131.068533,31.685113,0
                131.068534,31.684645,0
                131.069277,31.683006,0
                131.06937,31.682849,0
                131.069832,31.682927,0
                131.070018,31.682458,0
                131.073067,31.683157,0
                131.073066,31.683703,0
                131.075286,31.683389,0
                131.075284,31.684403,0
                131.074821,31.684872,0
                131.074634,31.685574,0
                131.073524,31.685966,0
                131.073431,31.686434,0
                131.072692,31.686279,0
                131.072321,31.686435,0
                131.07195,31.687294,0
                131.070193,31.68714,0
                131.069916,31.687062,0
                131.069917,31.68675,0
                131.069177,31.686673,0
                131.068533,31.685113,0
              </coordinates>
            </LinearRing>
          </outerBoundaryIs>
        </Polygon>
      </Placemark>
      <Placemark>
        <name>M223｜元区画371</name>
        <description><![CDATA[元区画: 371<br>統合方法: retained_single_cell<br>紙地図の既存境界を保持]]></description>
        <styleUrl>#poly-5599FF-2000-125</styleUrl>
        <Polygon>
          <outerBoundaryIs>
            <LinearRing>
              <tessellate>1</tessellate>
              <coordinates>
                131.056143,31.685439,0
                131.056145,31.684737,0
                131.057071,31.683722,0
                131.059661,31.683485,0
                131.059285,31.686216,0
                131.058269,31.685671,0
                131.056327,31.685985,0
                131.056143,31.685439,0
              </coordinates>
            </LinearRing>
          </outerBoundaryIs>
        </Polygon>
      </Placemark>
      <Placemark>
        <name>M224｜元区画364 372</name>
        <description><![CDATA[元区画: 364 372<br>統合方法: merged_adjacent_pair<br>紙地図の既存境界を保持]]></description>
        <styleUrl>#poly-507FFF-2000-125</styleUrl>
        <Polygon>
          <outerBoundaryIs>
            <LinearRing>
              <tessellate>1</tessellate>
              <coordinates>
                131.037102,31.682808,0
                131.037195,31.682574,0
                131.040802,31.682258,0
                131.042003,31.682412,0
                131.042003,31.682724,0
                131.042464,31.683348,0
                131.042833,31.683426,0
                131.046626,31.682719,0
                131.047641,31.68342,0
                131.047452,31.685605,0
                131.046065,31.685607,0
                131.044676,31.686545,0
                131.041625,31.686548,0
                131.041162,31.686861,0
                131.039035,31.687176,0
                131.037102,31.682808,0
              </coordinates>
            </LinearRing>
          </outerBoundaryIs>
        </Polygon>
      </Placemark>
      <Placemark>
        <name>M225｜元区画370 376</name>
        <description><![CDATA[元区画: 370 376<br>統合方法: merged_adjacent_pair<br>紙地図の既存境界を保持]]></description>
        <styleUrl>#poly-FFA54E-2000-125</styleUrl>
        <Polygon>
          <outerBoundaryIs>
            <LinearRing>
              <tessellate>1</tessellate>
              <coordinates>
                131.025268,31.682821,0
                131.026378,31.682352,0
                131.026471,31.68204,0
                131.026749,31.681961,0
                131.026842,31.681337,0
                131.027674,31.681648,0
                131.027675,31.68118,0
                131.028969,31.681335,0
                131.029246,31.68149,0
                131.029429,31.682192,0
                131.029984,31.682426,0
                131.030166,31.683908,0
                131.033032,31.683827,0
                131.033679,31.683982,0
                131.034234,31.683748,0
                131.035062,31.685854,0
                131.029236,31.686328,0
                131.028776,31.685627,0
                131.027389,31.685394,0
                131.027206,31.684536,0
                131.02619,31.684069,0
                131.026098,31.683601,0
                131.025268,31.682821,0
              </coordinates>
            </LinearRing>
          </outerBoundaryIs>
        </Polygon>
      </Placemark>
      <Placemark>
        <name>M226｜元区画374</name>
        <description><![CDATA[元区画: 374<br>統合方法: retained_single_cell<br>紙地図の既存境界を保持]]></description>
        <styleUrl>#poly-7AB955-2000-125</styleUrl>
        <Polygon>
          <outerBoundaryIs>
            <LinearRing>
              <tessellate>1</tessellate>
              <coordinates>
                131.084899,31.684626,0
                131.085271,31.683534,0
                131.085735,31.682909,0
                131.086752,31.682908,0
                131.087677,31.682672,0
                131.089435,31.681734,0
                131.089898,31.681734,0
                131.089803,31.682592,0
                131.089248,31.683139,0
                131.089429,31.684855,0
                131.088318,31.685871,0
                131.08804,31.685949,0
                131.086101,31.684859,0
                131.084899,31.684626,0
              </coordinates>
            </LinearRing>
          </outerBoundaryIs>
        </Polygon>
      </Placemark>
      <Placemark>
        <name>M227｜元区画373</name>
        <description><![CDATA[元区画: 373<br>統合方法: retained_single_cell<br>紙地図の既存境界を保持]]></description>
        <styleUrl>#poly-5599FF-2000-125</styleUrl>
        <Polygon>
          <outerBoundaryIs>
            <LinearRing>
              <tessellate>1</tessellate>
              <coordinates>
                131.049303,31.684511,0
                131.049859,31.683964,0
                131.051895,31.683103,0
                131.052913,31.6824,0
                131.054855,31.68232,0
                131.056798,31.681849,0
                131.05661,31.682942,0
                131.05698,31.683098,0
                131.057071,31.6838,0
                131.056145,31.684737,0
                131.056327,31.685985,0
                131.054755,31.685987,0
                131.052723,31.685209,0
                131.051892,31.684664,0
                131.049303,31.684511,0
              </coordinates>
            </LinearRing>
          </outerBoundaryIs>
        </Polygon>
      </Placemark>
      <Placemark>
        <name>M228｜元区画375 381</name>
        <description><![CDATA[元区画: 375 381<br>統合方法: merged_adjacent_pair<br>紙地図の既存境界を保持]]></description>
        <styleUrl>#poly-507FFF-2000-125</styleUrl>
        <Polygon>
          <outerBoundaryIs>
            <LinearRing>
              <tessellate>1</tessellate>
              <coordinates>
                131.089151,31.685246,0
                131.089429,31.684855,0
                131.089248,31.683139,0
                131.089803,31.682592,0
                131.089898,31.681734,0
                131.090914,31.68181,0
                131.09221,31.681341,0
                131.092672,31.681574,0
                131.095168,31.681571,0
                131.095164,31.683444,0
                131.09544,31.684224,0
                131.095347,31.684614,0
                131.095532,31.684692,0
                131.095345,31.685785,0
                131.09479,31.685473,0
                131.093219,31.685397,0
                131.092293,31.685866,0
                131.091184,31.685868,0
                131.090814,31.685634,0
                131.089982,31.685635,0
                131.089151,31.685246,0
              </coordinates>
            </LinearRing>
          </outerBoundaryIs>
        </Polygon>
      </Placemark>
      <Placemark>
        <name>M229｜元区画369 379</name>
        <description><![CDATA[元区画: 369 379<br>統合方法: merged_adjacent_pair<br>紙地図の既存境界を保持]]></description>
        <styleUrl>#poly-FFA54E-2000-125</styleUrl>
        <Polygon>
          <outerBoundaryIs>
            <LinearRing>
              <tessellate>1</tessellate>
              <coordinates>
                131.061875,31.685667,0
                131.062431,31.684886,0
                131.06299,31.682857,0
                131.062991,31.68231,0
                131.062715,31.681999,0
                131.065951,31.681527,0
                131.06937,31.682771,0
                131.068534,31.684801,0
                131.068257,31.684411,0
                131.067795,31.684568,0
                131.06724,31.68449,0
                131.067333,31.684022,0
                131.067148,31.684022,0
                131.065204,31.685351,0
                131.062613,31.686525,0
                131.062151,31.686525,0
                131.061875,31.685667,0
              </coordinates>
            </LinearRing>
          </outerBoundaryIs>
        </Polygon>
      </Placemark>
      <Placemark>
        <name>M230｜元区画378</name>
        <description><![CDATA[元区画: 378<br>統合方法: retained_single_cell<br>紙地図の既存境界を保持]]></description>
        <styleUrl>#poly-7AB955-2000-125</styleUrl>
        <Polygon>
          <outerBoundaryIs>
            <LinearRing>
              <tessellate>1</tessellate>
              <coordinates>
                131.079447,31.683384,0
                131.080375,31.681432,0
                131.080653,31.681354,0
                131.081669,31.681743,0
                131.082132,31.68104,0
                131.083517,31.682287,0
                131.083793,31.682989,0
                131.085179,31.6833,0
                131.085364,31.683533,0
                131.084714,31.684861,0
                131.084159,31.684939,0
                131.082865,31.684707,0
                131.079447,31.683384,0
              </coordinates>
            </LinearRing>
          </outerBoundaryIs>
        </Polygon>
      </Placemark>
      <Placemark>
        <name>M231｜元区画384</name>
        <description><![CDATA[元区画: 384<br>統合方法: retained_single_cell<br>紙地図の既存境界を保持]]></description>
        <styleUrl>#poly-5599FF-2000-125</styleUrl>
        <Polygon>
          <outerBoundaryIs>
            <LinearRing>
              <tessellate>1</tessellate>
              <coordinates>
                131.05661,31.682942,0
                131.056798,31.681693,0
                131.056983,31.681615,0
                131.057723,31.681458,0
                131.058092,31.68177,0
                131.059109,31.681769,0
                131.059848,31.682002,0
                131.059753,31.683485,0
                131.057071,31.683722,0
                131.05698,31.683098,0
                131.05661,31.682942,0
              </coordinates>
            </LinearRing>
          </outerBoundaryIs>
        </Polygon>
      </Placemark>
      <Placemark>
        <name>M232｜元区画382</name>
        <description><![CDATA[元区画: 382<br>統合方法: retained_single_cell<br>紙地図の既存境界を保持]]></description>
        <styleUrl>#poly-507FFF-2000-125</styleUrl>
        <Polygon>
          <outerBoundaryIs>
            <LinearRing>
              <tessellate>1</tessellate>
              <coordinates>
                131.029153,31.681491,0
                131.029155,31.680554,0
                131.030172,31.680553,0
                131.030264,31.680865,0
                131.031004,31.680864,0
                131.031188,31.681098,0
                131.031466,31.681098,0
                131.033038,31.680706,0
                131.033224,31.680471,0
                131.036553,31.680156,0
                131.036826,31.682184,0
                131.037103,31.682652,0
                131.034976,31.68281,0
                131.034327,31.68367,0
                131.033679,31.683982,0
                131.033032,31.683827,0
                131.030166,31.683908,0
                131.029984,31.682426,0
                131.029429,31.682192,0
                131.029153,31.681491,0
              </coordinates>
            </LinearRing>
          </outerBoundaryIs>
        </Polygon>
      </Placemark>
      <Placemark>
        <name>M233｜元区画389</name>
        <description><![CDATA[元区画: 389<br>統合方法: retained_single_cell<br>紙地図の既存境界を保持]]></description>
        <styleUrl>#poly-FFA54E-2000-125</styleUrl>
        <Polygon>
          <outerBoundaryIs>
            <LinearRing>
              <tessellate>1</tessellate>
              <coordinates>
                131.085827,31.682909,0
                131.086573,31.679865,0
                131.090086,31.680173,0
                131.089898,31.681734,0
                131.08925,31.681812,0
                131.087677,31.682672,0
                131.085827,31.682909,0
              </coordinates>
            </LinearRing>
          </outerBoundaryIs>
        </Polygon>
      </Placemark>
      <Placemark>
        <name>M234｜元区画385 388</name>
        <description><![CDATA[元区画: 385 388<br>統合方法: merged_adjacent_pair<br>紙地図の既存境界を保持]]></description>
        <styleUrl>#poly-7AB955-2000-125</styleUrl>
        <Polygon>
          <outerBoundaryIs>
            <LinearRing>
              <tessellate>1</tessellate>
              <coordinates>
                131.059206,31.679349,0
                131.059484,31.679115,0
                131.062813,31.679033,0
                131.06512,31.681137,0
                131.067062,31.681135,0
                131.069925,31.68238,0
                131.069925,31.682849,0
                131.069555,31.682927,0
                131.066413,31.681682,0
                131.065582,31.681527,0
                131.062622,31.681999,0
                131.059661,31.683407,0
                131.059943,31.680675,0
                131.059206,31.679349,0
              </coordinates>
            </LinearRing>
          </outerBoundaryIs>
        </Polygon>
      </Placemark>
      <Placemark>
        <name>M235｜元区画392</name>
        <description><![CDATA[元区画: 392<br>統合方法: retained_single_cell<br>紙地図の既存境界を保持]]></description>
        <styleUrl>#poly-5599FF-2000-125</styleUrl>
        <Polygon>
          <outerBoundaryIs>
            <LinearRing>
              <tessellate>1</tessellate>
              <coordinates>
                131.05292,31.678732,0
                131.053661,31.678107,0
                131.054309,31.677872,0
                131.055973,31.678105,0
                131.056529,31.677246,0
                131.058748,31.677399,0
                131.058838,31.678648,0
                131.059943,31.680675,0
                131.059941,31.682002,0
                131.059109,31.681769,0
                131.058092,31.68177,0
                131.058,31.681536,0
                131.057538,31.681458,0
                131.056798,31.681693,0
                131.056798,31.681849,0
                131.054855,31.68232,0
                131.053006,31.6824,0
                131.053654,31.681619,0
                131.053841,31.680682,0
                131.053566,31.679668,0
                131.05292,31.678732,0
              </coordinates>
            </LinearRing>
          </outerBoundaryIs>
        </Polygon>
      </Placemark>
      <Placemark>
        <name>M236｜元区画393</name>
        <description><![CDATA[元区画: 393<br>統合方法: retained_single_cell<br>紙地図の既存境界を保持]]></description>
        <styleUrl>#poly-507FFF-2000-125</styleUrl>
        <Polygon>
          <outerBoundaryIs>
            <LinearRing>
              <tessellate>1</tessellate>
              <coordinates>
                131.089898,31.681734,0
                131.090461,31.677519,0
                131.0912,31.677674,0
                131.093604,31.677672,0
                131.094067,31.677125,0
                131.094992,31.676968,0
                131.095075,31.681572,0
                131.092672,31.681574,0
                131.09221,31.681341,0
                131.090914,31.68181,0
                131.089898,31.681734,0
              </coordinates>
            </LinearRing>
          </outerBoundaryIs>
        </Polygon>
      </Placemark>
      <Placemark>
        <name>M237｜元区画391</name>
        <description><![CDATA[元区画: 391<br>統合方法: retained_single_cell<br>紙地図の既存境界を保持]]></description>
        <styleUrl>#poly-FFA54E-2000-125</styleUrl>
        <Polygon>
          <outerBoundaryIs>
            <LinearRing>
              <tessellate>1</tessellate>
              <coordinates>
                131.065305,31.681215,0
                131.065676,31.680669,0
                131.065585,31.679732,0
                131.066419,31.678873,0
                131.067349,31.676297,0
                131.068368,31.674969,0
                131.072063,31.67676,0
                131.070857,31.678712,0
                131.070854,31.680507,0
                131.070018,31.682458,0
                131.067062,31.681135,0
                131.065305,31.681215,0
              </coordinates>
            </LinearRing>
          </outerBoundaryIs>
        </Polygon>
      </Placemark>
      <Placemark>
        <name>M238｜元区画380 387</name>
        <description><![CDATA[元区画: 380 387<br>統合方法: merged_adjacent_pair<br>紙地図の既存境界を保持]]></description>
        <styleUrl>#poly-7AB955-2000-125</styleUrl>
        <Polygon>
          <outerBoundaryIs>
            <LinearRing>
              <tessellate>1</tessellate>
              <coordinates>
                131.039801,31.673753,0
                131.041743,31.673907,0
                131.041929,31.673361,0
                131.04276,31.673672,0
                131.043409,31.672969,0
                131.044796,31.672889,0
                131.044704,31.672265,0
                131.046831,31.672029,0
                131.04785,31.671481,0
                131.049416,31.674367,0
                131.049874,31.676161,0
                131.051259,31.677486,0
                131.052736,31.678342,0
                131.053566,31.679668,0
                131.05384,31.681072,0
                131.053376,31.682009,0
                131.05245,31.682791,0
                131.050414,31.683651,0
                131.049303,31.684511,0
                131.047454,31.684357,0
                131.047641,31.68342,0
                131.046626,31.682719,0
                131.042556,31.683426,0
                131.042003,31.682724,0
                131.042098,31.681008,0
                131.041914,31.681008,0
                131.041822,31.680696,0
                131.041732,31.679135,0
                131.040441,31.677732,0
                131.039801,31.673753,0
              </coordinates>
            </LinearRing>
          </outerBoundaryIs>
        </Polygon>
      </Placemark>
      <Placemark>
        <name>M239｜元区画390</name>
        <description><![CDATA[元区画: 390<br>統合方法: retained_single_cell<br>紙地図の既存境界を保持]]></description>
        <styleUrl>#poly-5599FF-2000-125</styleUrl>
        <Polygon>
          <outerBoundaryIs>
            <LinearRing>
              <tessellate>1</tessellate>
              <coordinates>
                131.03573,31.675475,0
                131.036288,31.673757,0
                131.03786,31.673834,0
                131.038415,31.673365,0
                131.039802,31.673597,0
                131.040441,31.677732,0
                131.040717,31.6782,0
                131.041456,31.678667,0
                131.041824,31.679447,0
                131.041822,31.680696,0
                131.041914,31.681008,0
                131.042098,31.681008,0
                131.042003,31.682412,0
                131.039692,31.682259,0
                131.03812,31.682573,0
                131.03701,31.682574,0
                131.03573,31.675475,0
              </coordinates>
            </LinearRing>
          </outerBoundaryIs>
        </Polygon>
      </Placemark>
      <Placemark>
        <name>M240｜元区画394 396</name>
        <description><![CDATA[元区画: 394 396<br>統合方法: merged_adjacent_pair<br>紙地図の既存境界を保持]]></description>
        <styleUrl>#poly-507FFF-2000-125</styleUrl>
        <Polygon>
          <outerBoundaryIs>
            <LinearRing>
              <tessellate>1</tessellate>
              <coordinates>
                131.024543,31.675019,0
                131.024545,31.674395,0
                131.025561,31.67455,0
                131.02621,31.673847,0
                131.026765,31.673768,0
                131.026765,31.673612,0
                131.027504,31.674235,0
                131.028058,31.674235,0
                131.028058,31.674547,0
                131.028705,31.674624,0
                131.028706,31.673922,0
                131.028521,31.673844,0
                131.028246,31.67283,0
                131.028061,31.67283,0
                131.028154,31.672518,0
                131.027877,31.672518,0
                131.027877,31.672284,0
                131.0276,31.672207,0
                131.028156,31.671738,0
                131.029265,31.671658,0
                131.030371,31.673374,0
                131.031291,31.676026,0
                131.033603,31.675789,0
                131.035916,31.674772,0
                131.03573,31.675475,0
                131.036553,31.680156,0
                131.033224,31.680471,0
                131.033038,31.680706,0
                131.031466,31.681098,0
                131.031188,31.681098,0
                131.031004,31.680864,0
                131.030264,31.680865,0
                131.030172,31.680553,0
                131.029155,31.680554,0
                131.029154,31.681412,0
                131.027675,31.68118,0
                131.027581,31.681648,0
                131.02712,31.681337,0
                131.02675,31.681337,0
                131.026751,31.681025,0
                131.026105,31.680167,0
                131.026108,31.678685,0
                131.026016,31.678217,0
                131.025739,31.678217,0
                131.025925,31.677827,0
                131.025741,31.677281,0
                131.025556,31.677281,0
                131.025465,31.676657,0
                131.025095,31.676345,0
                131.025188,31.676111,0
                131.024911,31.676033,0
                131.025004,31.675721,0
                131.024635,31.675409,0
                131.024543,31.675019,0
              </coordinates>
            </LinearRing>
          </outerBoundaryIs>
        </Polygon>
      </Placemark>
      <Placemark>
        <name>M241｜元区画395 399</name>
        <description><![CDATA[元区画: 395 399<br>統合方法: merged_adjacent_pair<br>紙地図の既存境界を保持]]></description>
        <styleUrl>#poly-FFA54E-2000-125</styleUrl>
        <Polygon>
          <outerBoundaryIs>
            <LinearRing>
              <tessellate>1</tessellate>
              <coordinates>
                131.058746,31.678336,0
                131.058747,31.678101,0
                131.060411,31.678022,0
                131.060597,31.677397,0
                131.061522,31.677084,0
                131.061527,31.674665,0
                131.062268,31.674118,0
                131.063562,31.67396,0
                131.064212,31.672945,0
                131.068368,31.674891,0
                131.067349,31.676297,0
                131.066419,31.678873,0
                131.065585,31.679732,0
                131.065676,31.680669,0
                131.065305,31.681137,0
                131.064474,31.68067,0
                131.062813,31.679033,0
                131.059114,31.679194,0
                131.058746,31.678336,0
              </coordinates>
            </LinearRing>
          </outerBoundaryIs>
        </Polygon>
      </Placemark>
      <Placemark>
        <name>M242｜元区画398 402</name>
        <description><![CDATA[元区画: 398 402<br>統合方法: merged_adjacent_pair<br>紙地図の既存境界を保持]]></description>
        <styleUrl>#poly-7AB955-2000-125</styleUrl>
        <Polygon>
          <outerBoundaryIs>
            <LinearRing>
              <tessellate>1</tessellate>
              <coordinates>
                131.056622,31.677246,0
                131.057086,31.676231,0
                131.05709,31.674124,0
                131.058013,31.674981,0
                131.058012,31.675527,0
                131.059954,31.675525,0
                131.060972,31.674744,0
                131.061527,31.674743,0
                131.061522,31.677084,0
                131.060412,31.677553,0
                131.060411,31.678022,0
                131.058747,31.678101,0
                131.058748,31.677399,0
                131.058563,31.677321,0
                131.056622,31.677246,0
              </coordinates>
            </LinearRing>
          </outerBoundaryIs>
        </Polygon>
      </Placemark>
      <Placemark>
        <name>M243｜元区画397</name>
        <description><![CDATA[元区画: 397<br>統合方法: retained_single_cell<br>紙地図の既存境界を保持]]></description>
        <styleUrl>#poly-5599FF-2000-125</styleUrl>
        <Polygon>
          <outerBoundaryIs>
            <LinearRing>
              <tessellate>1</tessellate>
              <coordinates>
                131.049598,31.675537,0
                131.049599,31.675147,0
                131.050247,31.674912,0
                131.052743,31.674831,0
                131.052744,31.674285,0
                131.053761,31.674206,0
                131.054132,31.673815,0
                131.054687,31.673736,0
                131.054688,31.673346,0
                131.05515,31.673268,0
                131.055151,31.672721,0
                131.055429,31.672643,0
                131.055891,31.672643,0
                131.05709,31.673968,0
                131.056993,31.676621,0
                131.055973,31.678105,0
                131.054309,31.677872,0
                131.052921,31.678654,0
                131.052459,31.678109,0
                131.051259,31.677486,0
                131.050428,31.676784,0
                131.049598,31.675537,0
              </coordinates>
            </LinearRing>
          </outerBoundaryIs>
        </Polygon>
      </Placemark>
      <Placemark>
        <name>M244｜元区画400</name>
        <description><![CDATA[元区画: 400<br>統合方法: retained_single_cell<br>紙地図の既存境界を保持]]></description>
        <styleUrl>#poly-507FFF-2000-125</styleUrl>
        <Polygon>
          <outerBoundaryIs>
            <LinearRing>
              <tessellate>1</tessellate>
              <coordinates>
                131.089173,31.673853,0
                131.089174,31.673697,0
                131.090099,31.67354,0
                131.093889,31.67377,0
                131.094901,31.676266,0
                131.094992,31.676968,0
                131.094067,31.677125,0
                131.093604,31.677672,0
                131.0912,31.677674,0
                131.090553,31.677519,0
                131.090279,31.675881,0
                131.090002,31.675725,0
                131.089816,31.675959,0
                131.089632,31.675881,0
                131.089173,31.673853,0
              </coordinates>
            </LinearRing>
          </outerBoundaryIs>
        </Polygon>
      </Placemark>
      <Placemark>
        <name>M245｜元区画383 386 404</name>
        <description><![CDATA[元区画: 383 386 404<br>統合方法: east_rural_multi_cell_integration<br>紙地図の既存境界を保持]]></description>
        <styleUrl>#poly-FFA54E-2000-125</styleUrl>
        <Polygon>
          <outerBoundaryIs>
            <LinearRing>
              <tessellate>1</tessellate>
              <coordinates>
                131.068836,31.672316,0
                131.069023,31.671223,0
                131.07522,31.669967,0
                131.074851,31.6695,0
                131.075314,31.669343,0
                131.075499,31.669031,0
                131.076061,31.665285,0
                131.077643,31.660211,0
                131.079122,31.660443,0
                131.081988,31.66044,0
                131.082451,31.660127,0
                131.082635,31.660751,0
                131.083282,31.66075,0
                131.083281,31.660985,0
                131.082634,31.660907,0
                131.082541,31.661142,0
                131.083281,31.661375,0
                131.08365,31.661843,0
                131.084296,31.662154,0
                131.084756,31.663168,0
                131.085955,31.664727,0
                131.086047,31.665195,0
                131.088262,31.667221,0
                131.08863,31.667923,0
                131.088629,31.66847,0
                131.088444,31.668626,0
                131.087519,31.668705,0
                131.087241,31.668939,0
                131.087703,31.669407,0
                131.087516,31.670578,0
                131.087791,31.67167,0
                131.089174,31.673619,0
                131.089632,31.675881,0
                131.089816,31.675959,0
                131.090187,31.675725,0
                131.090555,31.676739,0
                131.090178,31.680173,0
                131.086573,31.679865,0
                131.08592,31.682674,0
                131.085456,31.683377,0
                131.083793,31.682989,0
                131.083517,31.682287,0
                131.08204,31.68104,0
                131.081669,31.681743,0
                131.080653,31.681354,0
                131.080375,31.681432,0
                131.079539,31.683306,0
                131.075197,31.681828,0
                131.075194,31.683311,0
                131.074453,31.683624,0
                131.073066,31.683703,0
                131.073067,31.683157,0
                131.070018,31.682458,0
                131.070854,31.680507,0
                131.070857,31.678712,0
                131.072619,31.675901,0
                131.072252,31.674731,0
                131.070959,31.673796,0
                131.071237,31.673483,0
                131.071146,31.673093,0
                131.070683,31.67325,0
                131.07013,31.67247,0
                131.068836,31.672316,0
              </coordinates>
            </LinearRing>
          </outerBoundaryIs>
        </Polygon>
      </Placemark>
      <Placemark>
        <name>M246｜元区画403</name>
        <description><![CDATA[元区画: 403<br>統合方法: retained_single_cell<br>紙地図の既存境界を保持]]></description>
        <styleUrl>#poly-7AB955-2000-125</styleUrl>
        <Polygon>
          <outerBoundaryIs>
            <LinearRing>
              <tessellate>1</tessellate>
              <coordinates>
                131.065874,31.673724,0
                131.067358,31.671459,0
                131.067636,31.671381,0
                131.068929,31.672003,0
                131.068928,31.672394,0
                131.07013,31.67247,0
                131.070683,31.67325,0
                131.071146,31.673093,0
                131.071237,31.673483,0
                131.070959,31.673796,0
                131.072252,31.674731,0
                131.072619,31.676135,0
                131.072248,31.676682,0
                131.071971,31.67676,0
                131.065874,31.673724,0
              </coordinates>
            </LinearRing>
          </outerBoundaryIs>
        </Polygon>
      </Placemark>
      <Placemark>
        <name>M247｜元区画405</name>
        <description><![CDATA[元区画: 405<br>統合方法: retained_single_cell<br>紙地図の既存境界を保持]]></description>
        <styleUrl>#poly-5599FF-2000-125</styleUrl>
        <Polygon>
          <outerBoundaryIs>
            <LinearRing>
              <tessellate>1</tessellate>
              <coordinates>
                131.029265,31.671814,0
                131.029451,31.671502,0
                131.031393,31.67111,0
                131.032318,31.670641,0
                131.032317,31.671343,0
                131.032962,31.672278,0
                131.033517,31.672356,0
                131.033793,31.672902,0
                131.036288,31.673679,0
                131.036101,31.674616,0
                131.033603,31.675789,0
                131.031291,31.676026,0
                131.030371,31.673374,0
                131.029265,31.671814,0
              </coordinates>
            </LinearRing>
          </outerBoundaryIs>
        </Polygon>
      </Placemark>
      <Placemark>
        <name>M248｜元区画406</name>
        <description><![CDATA[元区画: 406<br>統合方法: retained_single_cell<br>紙地図の既存境界を保持]]></description>
        <styleUrl>#poly-507FFF-2000-125</styleUrl>
        <Polygon>
          <outerBoundaryIs>
            <LinearRing>
              <tessellate>1</tessellate>
              <coordinates>
                131.05709,31.674124,0
                131.059222,31.671234,0
                131.061349,31.67131,0
                131.064212,31.672867,0
                131.063562,31.67396,0
                131.06273,31.673961,0
                131.062083,31.674196,0
                131.061527,31.674743,0
                131.060972,31.674744,0
                131.059954,31.675525,0
                131.058012,31.675527,0
                131.058013,31.674981,0
                131.05709,31.674124,0
              </coordinates>
            </LinearRing>
          </outerBoundaryIs>
        </Polygon>
      </Placemark>
      <Placemark>
        <name>M249｜元区画407</name>
        <description><![CDATA[元区画: 407<br>統合方法: retained_single_cell<br>紙地図の既存境界を保持]]></description>
        <styleUrl>#poly-FFA54E-2000-125</styleUrl>
        <Polygon>
          <outerBoundaryIs>
            <LinearRing>
              <tessellate>1</tessellate>
              <coordinates>
                131.047849,31.671637,0
                131.04785,31.671403,0
                131.048498,31.670856,0
                131.049793,31.670621,0
                131.050256,31.67023,0
                131.050533,31.67023,0
                131.052289,31.670618,0
                131.055432,31.670926,0
                131.055799,31.672643,0
                131.055151,31.672721,0
                131.05515,31.673268,0
                131.054688,31.673346,0
                131.054687,31.673736,0
                131.054132,31.673815,0
                131.053761,31.674206,0
                131.052744,31.674285,0
                131.052743,31.674831,0
                131.050247,31.674912,0
                131.049599,31.675147,0
                131.049232,31.673977,0
                131.047849,31.671637,0
              </coordinates>
            </LinearRing>
          </outerBoundaryIs>
        </Polygon>
      </Placemark>
      <Placemark>
        <name>M250｜元区画410</name>
        <description><![CDATA[元区画: 410<br>統合方法: retained_single_cell<br>紙地図の既存境界を保持]]></description>
        <styleUrl>#poly-7AB955-2000-125</styleUrl>
        <Polygon>
          <outerBoundaryIs>
            <LinearRing>
              <tessellate>1</tessellate>
              <coordinates>
                131.032317,31.671343,0
                131.032319,31.670562,0
                131.032689,31.670328,0
                131.032874,31.670328,0
                131.033242,31.670874,0
                131.034445,31.670482,0
                131.034448,31.668999,0
                131.034633,31.668999,0
                131.037127,31.670401,0
                131.039619,31.672271,0
                131.039157,31.672505,0
                131.03971,31.673051,0
                131.039802,31.673597,0
                131.038415,31.673365,0
                131.03786,31.673834,0
                131.036473,31.673835,0
                131.034902,31.673135,0
                131.033793,31.672902,0
                131.033517,31.672356,0
                131.03287,31.672201,0
                131.032686,31.671654,0
                131.032317,31.671343,0
              </coordinates>
            </LinearRing>
          </outerBoundaryIs>
        </Polygon>
      </Placemark>
      <Placemark>
        <name>M251｜元区画409</name>
        <description><![CDATA[元区画: 409<br>統合方法: retained_single_cell<br>紙地図の既存境界を保持]]></description>
        <styleUrl>#poly-5599FF-2000-125</styleUrl>
        <Polygon>
          <outerBoundaryIs>
            <LinearRing>
              <tessellate>1</tessellate>
              <coordinates>
                131.038696,31.671648,0
                131.039068,31.670555,0
                131.039531,31.67032,0
                131.039439,31.66993,0
                131.040271,31.669773,0
                131.040641,31.670007,0
                131.041103,31.66985,0
                131.041843,31.669927,0
                131.042213,31.669693,0
                131.043045,31.669848,0
                131.043414,31.670316,0
                131.045263,31.670548,0
                131.046927,31.670468,0
                131.047389,31.670701,0
                131.047757,31.671325,0
                131.047757,31.671559,0
                131.047109,31.67195,0
                131.044704,31.672265,0
                131.044796,31.672889,0
                131.043409,31.672969,0
                131.04276,31.673672,0
                131.041929,31.673361,0
                131.041743,31.673907,0
                131.039801,31.673675,0
                131.03971,31.673051,0
                131.039157,31.672505,0
                131.039619,31.672271,0
                131.038696,31.671648,0
              </coordinates>
            </LinearRing>
          </outerBoundaryIs>
        </Polygon>
      </Placemark>
      <Placemark>
        <name>M252｜元区画411</name>
        <description><![CDATA[元区画: 411<br>統合方法: retained_single_cell<br>紙地図の既存境界を保持]]></description>
        <styleUrl>#poly-507FFF-2000-125</styleUrl>
        <Polygon>
          <outerBoundaryIs>
            <LinearRing>
              <tessellate>1</tessellate>
              <coordinates>
                131.062091,31.670216,0
                131.062276,31.669826,0
                131.062831,31.669903,0
                131.064311,31.66959,0
                131.065237,31.668964,0
                131.067826,31.668727,0
                131.068749,31.669194,0
                131.068749,31.669507,0
                131.065967,31.673645,0
                131.063103,31.672322,0
                131.06255,31.671621,0
                131.062091,31.670216,0
              </coordinates>
            </LinearRing>
          </outerBoundaryIs>
        </Polygon>
      </Placemark>
      <Placemark>
        <name>M253｜元区画408 419</name>
        <description><![CDATA[元区画: 408 419<br>統合方法: merged_adjacent_pair<br>紙地図の既存境界を保持]]></description>
        <styleUrl>#poly-FFA54E-2000-125</styleUrl>
        <Polygon>
          <outerBoundaryIs>
            <LinearRing>
              <tessellate>1</tessellate>
              <coordinates>
                131.055435,31.669522,0
                131.055439,31.667571,0
                131.056086,31.66757,0
                131.056829,31.666087,0
                131.058214,31.666944,0
                131.058213,31.6671,0
                131.057195,31.668037,0
                131.057101,31.668427,0
                131.057563,31.668505,0
                131.057748,31.668895,0
                131.056821,31.669988,0
                131.056541,31.671159,0
                131.059222,31.671234,0
                131.057183,31.673968,0
                131.056906,31.67389,0
                131.055614,31.672331,0
                131.055435,31.669522,0
              </coordinates>
            </LinearRing>
          </outerBoundaryIs>
        </Polygon>
      </Placemark>
      <Placemark>
        <name>M254｜元区画413 426</name>
        <description><![CDATA[元区画: 413 426<br>統合方法: merged_adjacent_pair<br>紙地図の既存境界を保持]]></description>
        <styleUrl>#poly-7AB955-2000-125</styleUrl>
        <Polygon>
          <outerBoundaryIs>
            <LinearRing>
              <tessellate>1</tessellate>
              <coordinates>
                131.058113,31.671235,0
                131.059596,31.669049,0
                131.060429,31.668892,0
                131.060892,31.668501,0
                131.061353,31.669047,0
                131.061815,31.669124,0
                131.061725,31.66811,0
                131.062927,31.667953,0
                131.064038,31.667405,0
                131.064407,31.667405,0
                131.064503,31.66561,0
                131.066815,31.665685,0
                131.066625,31.668182,0
                131.066808,31.668885,0
                131.065237,31.668964,0
                131.064311,31.66959,0
                131.062091,31.669904,0
                131.06255,31.671621,0
                131.063104,31.672244,0
                131.061349,31.67131,0
                131.058113,31.671235,0
              </coordinates>
            </LinearRing>
          </outerBoundaryIs>
        </Polygon>
      </Placemark>
      <Placemark>
        <name>M255｜元区画415</name>
        <description><![CDATA[元区画: 415<br>統合方法: retained_single_cell<br>紙地図の既存境界を保持]]></description>
        <styleUrl>#poly-5599FF-2000-125</styleUrl>
        <Polygon>
          <outerBoundaryIs>
            <LinearRing>
              <tessellate>1</tessellate>
              <coordinates>
                131.02539,31.667683,0
                131.025391,31.667215,0
                131.025668,31.667137,0
                131.025762,31.666746,0
                131.026039,31.666824,0
                131.026132,31.666434,0
                131.026687,31.666511,0
                131.028445,31.665651,0
                131.02909,31.666821,0
                131.029737,31.66682,0
                131.030015,31.666585,0
                131.030569,31.666741,0
                131.030935,31.668769,0
                131.031396,31.669471,0
                131.031766,31.669471,0
                131.031764,31.670329,0
                131.032226,31.670719,0
                131.031393,31.67111,0
                131.029265,31.671658,0
                131.028156,31.671738,0
                131.0276,31.672285,0
                131.027415,31.672051,0
                131.026861,31.672051,0
                131.026768,31.672207,0
                131.026768,31.672051,0
                131.026398,31.672052,0
                131.026029,31.67174,0
                131.026124,31.67057,0
                131.026957,31.669866,0
                131.027327,31.669788,0
                131.02742,31.669476,0
                131.026959,31.669164,0
                131.026867,31.668852,0
                131.02659,31.668852,0
                131.02659,31.668618,0
                131.026128,31.668229,0
                131.025759,31.668229,0
                131.025759,31.667917,0
                131.02539,31.667683,0
              </coordinates>
            </LinearRing>
          </outerBoundaryIs>
        </Polygon>
      </Placemark>
      <Placemark>
        <name>M256｜元区画422 425</name>
        <description><![CDATA[元区画: 422 425<br>統合方法: merged_adjacent_pair<br>紙地図の既存境界を保持]]></description>
        <styleUrl>#poly-507FFF-2000-125</styleUrl>
        <Polygon>
          <outerBoundaryIs>
            <LinearRing>
              <tessellate>1</tessellate>
              <coordinates>
                131.038887,31.668526,0
                131.038887,31.66837,0
                131.039905,31.667823,0
                131.042495,31.667274,0
                131.043511,31.667819,0
                131.047299,31.669141,0
                131.047299,31.669297,0
                131.046834,31.670546,0
                131.045263,31.670548,0
                131.043414,31.670316,0
                131.043045,31.669848,0
                131.042583,31.669692,0
                131.041843,31.669927,0
                131.041103,31.66985,0
                131.040918,31.670006,0
                131.040271,31.669773,0
                131.039439,31.66993,0
                131.038887,31.668526,0
              </coordinates>
            </LinearRing>
          </outerBoundaryIs>
        </Polygon>
      </Placemark>
      <Placemark>
        <name>M257｜元区画417</name>
        <description><![CDATA[元区画: 417<br>統合方法: retained_single_cell<br>紙地図の既存境界を保持]]></description>
        <styleUrl>#poly-FFA54E-2000-125</styleUrl>
        <Polygon>
          <outerBoundaryIs>
            <LinearRing>
              <tessellate>1</tessellate>
              <coordinates>
                131.046927,31.670546,0
                131.046928,31.669922,0
                131.047299,31.669141,0
                131.049522,31.667422,0
                131.049892,31.667031,0
                131.049893,31.666563,0
                131.051651,31.666249,0
                131.052206,31.665936,0
                131.052576,31.666014,0
                131.052667,31.666482,0
                131.053036,31.666793,0
                131.05507,31.666791,0
                131.05507,31.667181,0
                131.055439,31.667259,0
                131.055524,31.671004,0
                131.050256,31.67023,0
                131.049793,31.670621,0
                131.048498,31.670856,0
                131.047757,31.671481,0
                131.047389,31.670701,0
                131.046927,31.670546,0
              </coordinates>
            </LinearRing>
          </outerBoundaryIs>
        </Polygon>
      </Placemark>
      <Placemark>
        <name>M258｜元区画414</name>
        <description><![CDATA[元区画: 414<br>統合方法: retained_single_cell<br>紙地図の既存境界を保持]]></description>
        <styleUrl>#poly-7AB955-2000-125</styleUrl>
        <Polygon>
          <outerBoundaryIs>
            <LinearRing>
              <tessellate>1</tessellate>
              <coordinates>
                131.066625,31.668182,0
                131.066815,31.665685,0
                131.076061,31.665519,0
                131.075499,31.669031,0
                131.075314,31.669343,0
                131.074851,31.6695,0
                131.07522,31.669967,0
                131.069023,31.671223,0
                131.068929,31.672003,0
                131.067543,31.671381,0
                131.068749,31.669507,0
                131.068749,31.669194,0
                131.067826,31.668727,0
                131.066808,31.668885,0
                131.066625,31.668182,0
              </coordinates>
            </LinearRing>
          </outerBoundaryIs>
        </Polygon>
      </Placemark>
      <Placemark>
        <name>M259｜元区画416</name>
        <description><![CDATA[元区画: 416<br>統合方法: retained_single_cell<br>紙地図の既存境界を保持]]></description>
        <styleUrl>#poly-5599FF-2000-125</styleUrl>
        <Polygon>
          <outerBoundaryIs>
            <LinearRing>
              <tessellate>1</tessellate>
              <coordinates>
                131.034174,31.667439,0
                131.034456,31.665176,0
                131.037783,31.665562,0
                131.038061,31.665328,0
                131.038616,31.665327,0
                131.038244,31.666576,0
                131.038242,31.667591,0
                131.038979,31.668526,0
                131.039531,31.670164,0
                131.039438,31.670476,0
                131.038975,31.670711,0
                131.038696,31.67157,0
                131.035834,31.6697,0
                131.035837,31.667905,0
                131.034174,31.667439,0
              </coordinates>
            </LinearRing>
          </outerBoundaryIs>
        </Polygon>
      </Placemark>
      <Placemark>
        <name>M260｜元区画418</name>
        <description><![CDATA[元区画: 418<br>統合方法: retained_single_cell<br>紙地図の既存境界を保持]]></description>
        <styleUrl>#poly-507FFF-2000-125</styleUrl>
        <Polygon>
          <outerBoundaryIs>
            <LinearRing>
              <tessellate>1</tessellate>
              <coordinates>
                131.056541,31.671159,0
                131.056821,31.669988,0
                131.057748,31.668895,0
                131.057748,31.668661,0
                131.057194,31.668505,0
                131.057102,31.668271,0
                131.057473,31.667647,0
                131.058213,31.6671,0
                131.05766,31.666554,0
                131.05803,31.666398,0
                131.058031,31.665695,0
                131.058587,31.665382,0
                131.058587,31.66507,0
                131.059604,31.665459,0
                131.064503,31.66561,0
                131.064407,31.667405,0
                131.064038,31.667405,0
                131.062927,31.667953,0
                131.061725,31.66811,0
                131.061815,31.669124,0
                131.061353,31.669047,0
                131.060892,31.668501,0
                131.060429,31.668892,0
                131.059596,31.669049,0
                131.058113,31.671235,0
                131.056541,31.671159,0
              </coordinates>
            </LinearRing>
          </outerBoundaryIs>
        </Polygon>
      </Placemark>
      <Placemark>
        <name>M261｜元区画421</name>
        <description><![CDATA[元区画: 421<br>統合方法: retained_single_cell<br>紙地図の既存境界を保持]]></description>
        <styleUrl>#poly-FFA54E-2000-125</styleUrl>
        <Polygon>
          <outerBoundaryIs>
            <LinearRing>
              <tessellate>1</tessellate>
              <coordinates>
                131.028445,31.665729,0
                131.029187,31.664636,0
                131.034456,31.665176,0
                131.034174,31.667439,0
                131.035837,31.667905,0
                131.035834,31.669622,0
                131.034448,31.668999,0
                131.034445,31.670482,0
                131.033335,31.670873,0
                131.032874,31.670328,0
                131.032226,31.670641,0
                131.031764,31.670329,0
                131.031766,31.669471,0
                131.031304,31.669393,0
                131.030935,31.668769,0
                131.030569,31.666741,0
                131.030015,31.666585,0
                131.029737,31.66682,0
                131.02909,31.666821,0
                131.028445,31.665729,0
              </coordinates>
            </LinearRing>
          </outerBoundaryIs>
        </Polygon>
      </Placemark>
      <Placemark>
        <name>M262｜元区画429</name>
        <description><![CDATA[元区画: 429<br>統合方法: retained_single_cell<br>紙地図の既存境界を保持]]></description>
        <styleUrl>#poly-7AB955-2000-125</styleUrl>
        <Polygon>
          <outerBoundaryIs>
            <LinearRing>
              <tessellate>1</tessellate>
              <coordinates>
                131.038242,31.667591,0
                131.038244,31.666576,0
                131.038616,31.665327,0
                131.03991,31.665482,0
                131.04102,31.66509,0
                131.041668,31.66509,0
                131.042129,31.665323,0
                131.042777,31.665322,0
                131.042957,31.667507,0
                131.042218,31.667274,0
                131.041108,31.667665,0
                131.039905,31.667823,0
                131.039072,31.66837,0
                131.03861,31.668214,0
                131.038242,31.667591,0
              </coordinates>
            </LinearRing>
          </outerBoundaryIs>
        </Polygon>
      </Placemark>
      <Placemark>
        <name>M263｜元区画428</name>
        <description><![CDATA[元区画: 428<br>統合方法: retained_single_cell<br>紙地図の既存境界を保持]]></description>
        <styleUrl>#poly-5599FF-2000-125</styleUrl>
        <Polygon>
          <outerBoundaryIs>
            <LinearRing>
              <tessellate>1</tessellate>
              <coordinates>
                131.042775,31.666181,0
                131.042777,31.665244,0
                131.043424,31.66501,0
                131.047592,31.661493,0
                131.048332,31.661493,0
                131.048424,31.661727,0
                131.048793,31.661804,0
                131.049622,31.663364,0
                131.050453,31.664065,0
                131.049709,31.666173,0
                131.049892,31.667031,0
                131.047392,31.669141,0
                131.042957,31.667585,0
                131.042775,31.666181,0
              </coordinates>
            </LinearRing>
          </outerBoundaryIs>
        </Polygon>
      </Placemark>
      <Placemark>
        <name>M264｜元区画433</name>
        <description><![CDATA[元区画: 433<br>統合方法: retained_single_cell<br>紙地図の既存境界を保持]]></description>
        <styleUrl>#poly-507FFF-2000-125</styleUrl>
        <Polygon>
          <outerBoundaryIs>
            <LinearRing>
              <tessellate>1</tessellate>
              <coordinates>
                131.029279,31.664636,0
                131.029465,31.663933,0
                131.029743,31.663933,0
                131.030206,31.663542,0
                131.030206,31.663308,0
                131.030669,31.663307,0
                131.030762,31.663073,0
                131.031131,31.663073,0
                131.031502,31.662682,0
                131.031964,31.66276,0
                131.031964,31.662604,0
                131.032427,31.662681,0
                131.033444,31.662368,0
                131.036403,31.662208,0
                131.036404,31.661974,0
                131.037236,31.661817,0
                131.037237,31.661505,0
                131.037607,31.661271,0
                131.037608,31.660959,0
                131.037885,31.660958,0
                131.037885,31.660724,0
                131.038716,31.661347,0
                131.039826,31.661424,0
                131.039825,31.661892,0
                131.040378,31.662438,0
                131.040285,31.66275,0
                131.039174,31.663844,0
                131.039173,31.664078,0
                131.040373,31.665169,0
                131.040373,31.665325,0
                131.03991,31.665482,0
                131.038061,31.665328,0
                131.037783,31.665562,0
                131.029279,31.664636,0
              </coordinates>
            </LinearRing>
          </outerBoundaryIs>
        </Polygon>
      </Placemark>
      <Placemark>
        <name>M265｜元区画271 353 401</name>
        <description><![CDATA[元区画: 271 353 401<br>統合方法: east_rural_multi_cell_integration<br>紙地図の既存境界を保持]]></description>
        <styleUrl>#poly-FFA54E-2000-125</styleUrl>
        <Polygon>
          <outerBoundaryIs>
            <LinearRing>
              <tessellate>1</tessellate>
              <coordinates>
                131.119352,31.701676,0
                131.119447,31.700584,0
                131.121964,31.690124,0
                131.122427,31.689578,0
                131.12199,31.629884,0
                131.121901,31.628011,0
                131.121716,31.627855,0
                131.12255,31.627308,0
                131.123106,31.626449,0
                131.123568,31.626371,0
                131.123569,31.626059,0
                131.124032,31.625902,0
                131.124032,31.625668,0
                131.12468,31.625355,0
                131.124681,31.625043,0
                131.12505,31.625198,0
                131.125143,31.625042,0
                131.12616,31.625041,0
                131.12653,31.625119,0
                131.126806,31.625509,0
                131.127084,31.625508,0
                131.127175,31.626054,0
                131.127452,31.62621,0
                131.127543,31.62699,0
                131.128837,31.626989,0
                131.128929,31.627223,0
                131.129853,31.627534,0
                131.129853,31.627846,0
                131.130407,31.627845,0
                131.130408,31.627689,0
                131.13087,31.627533,0
                131.13161,31.627688,0
                131.132165,31.627453,0
                131.132904,31.627687,0
                131.132996,31.627921,0
                131.133643,31.627998,0
                131.133643,31.628154,0
                131.134475,31.628075,0
                131.136416,31.628307,0
                131.138359,31.627914,0
                131.139282,31.628304,0
                131.139097,31.628538,0
                131.139065,31.645081,0
                131.139195,31.672704,0
                131.140584,31.671766,0
                131.141233,31.670829,0
                131.142158,31.670672,0
                131.142344,31.670203,0
                131.143362,31.6695,0
                131.144194,31.669499,0
                131.145213,31.668405,0
                131.145861,31.668326,0
                131.147987,31.668402,0
                131.149281,31.668791,0
                131.150206,31.668634,0
                131.15039,31.668789,0
                131.152609,31.668865,0
                131.153625,31.669176,0
                131.154458,31.669175,0
                131.154919,31.669643,0
                131.155658,31.669954,0
                131.156398,31.669797,0
                131.156861,31.669406,0
                131.157231,31.669484,0
                131.158248,31.669249,0
                131.160371,31.671041,0
                131.159815,31.67151,0
                131.159815,31.671744,0
                131.159538,31.671744,0
                131.159444,31.672134,0
                131.158982,31.672369,0
                131.158981,31.672681,0
                131.158704,31.672682,0
                131.158796,31.672916,0
                131.158426,31.672994,0
                131.158425,31.673306,0
                131.158148,31.673306,0
                131.157777,31.673853,0
                131.157592,31.673853,0
                131.157683,31.674321,0
                131.157221,31.674322,0
                131.156943,31.674556,0
                131.156757,31.675103,0
                131.156109,31.675494,0
                131.156109,31.675884,0
                131.155739,31.675884,0
                131.155275,31.676353,0
                131.155275,31.676665,0
                131.154998,31.676665,0
                131.15472,31.676978,0
                131.154626,31.677368,0
                131.153793,31.677993,0
                131.153977,31.678383,0
                131.153515,31.678306,0
                131.153144,31.67893,0
                131.152774,31.679087,0
                131.152866,31.679321,0
                131.152496,31.679399,0
                131.152495,31.679633,0
                131.152033,31.679868,0
                131.151939,31.680258,0
                131.151662,31.680259,0
                131.151661,31.680571,0
                131.151384,31.680571,0
                131.151291,31.680883,0
                131.150921,31.68104,0
                131.15055,31.681743,0
                131.150272,31.681743,0
                131.150087,31.681977,0
                131.150179,31.682289,0
                131.149624,31.682446,0
                131.149438,31.68268,0
                131.14953,31.68307,0
                131.148975,31.683149,0
                131.148419,31.684008,0
                131.147492,31.684789,0
                131.147492,31.685179,0
                131.147122,31.68518,0
                131.147121,31.685492,0
                131.146751,31.68557,0
                131.146751,31.685804,0
                131.146103,31.686273,0
                131.146195,31.686507,0
                131.145639,31.68682,0
                131.145639,31.687054,0
                131.145269,31.687133,0
                131.145268,31.687445,0
                131.144991,31.687445,0
                131.144527,31.688148,0
                131.14425,31.688226,0
                131.144249,31.688695,0
                131.143231,31.689008,0
                131.142953,31.68932,0
                131.142306,31.689165,0
                131.141379,31.690571,0
                131.141009,31.690493,0
                131.140639,31.690805,0
                131.140084,31.690884,0
                131.138974,31.690885,0
                131.138695,31.691744,0
                131.138325,31.692057,0
                131.137862,31.692135,0
                131.137862,31.692447,0
                131.137585,31.692292,0
                131.137677,31.692604,0
                131.137399,31.692604,0
                131.137491,31.692838,0
                131.137213,31.693306,0
                131.136843,31.693463,0
                131.136657,31.693853,0
                131.136841,31.694399,0
                131.1361,31.695024,0
                131.136098,31.696039,0
                131.135913,31.696039,0
                131.135913,31.696351,0
                131.135357,31.696586,0
                131.135449,31.696898,0
                131.134987,31.697054,0
                131.135079,31.697288,0
                131.134801,31.697367,0
                131.134522,31.698069,0
                131.133968,31.69807,0
                131.133782,31.698304,0
                131.133505,31.698305,0
                131.133412,31.698695,0
                131.133134,31.698695,0
                131.133134,31.698929,0
                131.132671,31.699242,0
                131.132484,31.700101,0
                131.131928,31.700725,0
                131.131281,31.700882,0
                131.13128,31.701116,0
                131.130263,31.701352,0
                131.130262,31.701742,0
                131.129522,31.701743,0
                131.129337,31.702055,0
                131.12869,31.702134,0
                131.128597,31.702368,0
                131.127764,31.702603,0
                131.127578,31.703071,0
                131.127301,31.702916,0
                131.127301,31.703072,0
                131.126839,31.703072,0
                131.126468,31.703541,0
                131.12582,31.703698,0
                131.125727,31.703932,0
                131.125358,31.703932,0
                131.124896,31.703387,0
                131.122773,31.701906,0
                131.121849,31.701595,0
                131.121571,31.701908,0
                131.121016,31.70183,0
                131.12111,31.701284,0
                131.120925,31.701128,0
                131.119722,31.701832,0
                131.119352,31.701676,0
              </coordinates>
            </LinearRing>
          </outerBoundaryIs>
        </Polygon>
      </Placemark>
      <Placemark>
        <name>M266｜元区画430 431 435 436</name>
        <description><![CDATA[元区画: 430 431 435 436<br>統合方法: east_rural_multi_cell_integration<br>紙地図の既存境界を保持]]></description>
        <styleUrl>#poly-7AB955-2000-125</styleUrl>
        <Polygon>
          <outerBoundaryIs>
            <LinearRing>
              <tessellate>1</tessellate>
              <coordinates>
                131.047684,31.661493,0
                131.049167,31.659853,0
                131.050093,31.659072,0
                131.050556,31.658915,0
                131.051665,31.658914,0
                131.056008,31.660391,0
                131.056654,31.660859,0
                131.057299,31.661794,0
                131.058495,31.664836,0
                131.05868,31.664914,0
                131.058587,31.665382,0
                131.058031,31.665695,0
                131.05803,31.666398,0
                131.057567,31.666632,0
                131.056736,31.666087,0
                131.056086,31.66757,0
                131.055439,31.667571,0
                131.055439,31.667259,0
                131.05507,31.667181,0
                131.05507,31.666791,0
                131.053036,31.666793,0
                131.052667,31.666482,0
                131.052576,31.666014,0
                131.052206,31.665936,0
                131.051651,31.666249,0
                131.049801,31.666563,0
                131.049709,31.666173,0
                131.050453,31.664065,0
                131.049622,31.663364,0
                131.048793,31.661804,0
                131.048424,31.661727,0
                131.048332,31.661493,0
                131.047684,31.661493,0
              </coordinates>
            </LinearRing>
          </outerBoundaryIs>
        </Polygon>
      </Placemark>
      <Placemark>
        <name>M267｜元区画320 330 361 367</name>
        <description><![CDATA[元区画: 320 330 361 367<br>統合方法: east_rural_multi_cell_integration<br>紙地図の既存境界を保持]]></description>
        <styleUrl>#poly-5599FF-2000-125</styleUrl>
        <Polygon>
          <outerBoundaryIs>
            <LinearRing>
              <tessellate>1</tessellate>
              <coordinates>
                131.079122,31.660443,0
                131.079679,31.659194,0
                131.080049,31.659194,0
                131.080142,31.658959,0
                131.080604,31.658881,0
                131.080605,31.658647,0
                131.0819,31.658177,0
                131.081994,31.657631,0
                131.082271,31.65763,0
                131.082272,31.657084,0
                131.082827,31.656927,0
                131.082828,31.656615,0
                131.084492,31.656613,0
                131.084492,31.656379,0
                131.084955,31.656457,0
                131.08625,31.656065,0
                131.086435,31.655753,0
                131.086898,31.655752,0
                131.086898,31.655518,0
                131.087639,31.654971,0
                131.087916,31.654971,0
                131.088194,31.65458,0
                131.088564,31.654658,0
                131.089027,31.654267,0
                131.089027,31.654033,0
                131.08949,31.653955,0
                131.089676,31.653564,0
                131.08986,31.653564,0
                131.089768,31.65333,0
                131.090046,31.65333,0
                131.090231,31.653017,0
                131.09014,31.652627,0
                131.09051,31.652627,0
                131.090418,31.652315,0
                131.09088,31.652158,0
                131.091345,31.650831,0
                131.091808,31.650753,0
                131.092087,31.649582,0
                131.092643,31.649191,0
                131.092643,31.648879,0
                131.093569,31.648566,0
                131.094032,31.648175,0
                131.094218,31.647707,0
                131.095419,31.647783,0
                131.095791,31.646847,0
                131.097178,31.646611,0
                131.097364,31.646064,0
                131.098381,31.646219,0
                131.100416,31.645671,0
                131.100509,31.645359,0
                131.100786,31.645514,0
                131.101156,31.645358,0
                131.101157,31.645124,0
                131.101434,31.645123,0
                131.101898,31.644343,0
                131.102268,31.64442,0
                131.104484,31.645978,0
                131.112071,31.643161,0
                131.112176,31.636762,0
                131.113008,31.636761,0
                131.113101,31.636371,0
                131.113563,31.63637,0
                131.113749,31.63598,0
                131.113751,31.634965,0
                131.113659,31.634653,0
                131.113474,31.634654,0
                131.113659,31.634575,0
                131.113661,31.633951,0
                131.113476,31.633873,0
                131.114587,31.633248,0
                131.115234,31.633247,0
                131.115327,31.632935,0
                131.115882,31.632934,0
                131.11653,31.632387,0
                131.116531,31.631997,0
                131.116808,31.631997,0
                131.116994,31.631684,0
                131.116902,31.631372,0
                131.117179,31.631294,0
                131.11718,31.630982,0
                131.117643,31.630669,0
                131.117551,31.630435,0
                131.117828,31.630435,0
                131.117829,31.630045,0
                131.118199,31.629966,0
                131.118478,31.629264,0
                131.12042,31.628793,0
                131.12079,31.628559,0
                131.120791,31.628247,0
                131.121161,31.628324,0
                131.121624,31.627855,0
                131.121901,31.628011,0
                131.122427,31.689578,0
                131.122056,31.690124,0
                131.120022,31.690049,0
                131.11919,31.690284,0
                131.119004,31.690596,0
                131.118079,31.690831,0
                131.118633,31.691377,0
                131.118354,31.692157,0
                131.119,31.692937,0
                131.118906,31.693561,0
                131.119367,31.694341,0
                131.119273,31.694731,0
                131.118349,31.694888,0
                131.117052,31.695982,0
                131.116405,31.696061,0
                131.113463,31.687325,0
                131.106905,31.684289,0
                131.106443,31.684134,0
                131.10598,31.684524,0
                131.10487,31.684682,0
                131.104499,31.684994,0
                131.104406,31.685463,0
                131.103851,31.685697,0
                131.103757,31.686244,0
                131.103018,31.686166,0
                131.102833,31.686323,0
                131.102646,31.687181,0
                131.102183,31.687494,0
                131.099229,31.684922,0
                131.096364,31.684691,0
                131.09544,31.68438,0
                131.095164,31.683444,0
                131.094993,31.676578,0
                131.093889,31.67377,0
                131.091208,31.673539,0
                131.089081,31.673619,0
                131.087699,31.671436,0
                131.087516,31.670344,0
                131.087703,31.669407,0
                131.087241,31.668939,0
                131.087519,31.668705,0
                131.088259,31.668704,0
                131.088629,31.66847,0
                131.08863,31.667923,0
                131.088262,31.667221,0
                131.086047,31.665195,0
                131.085955,31.664727,0
                131.084756,31.663168,0
                131.084296,31.662154,0
                131.08365,31.661843,0
                131.083281,31.661375,0
                131.082541,31.661142,0
                131.082634,31.660907,0
                131.083281,31.660985,0
                131.083282,31.66075,0
                131.082635,31.660751,0
                131.082451,31.660127,0
                131.081988,31.66044,0
                131.079122,31.660443,0
              </coordinates>
            </LinearRing>
          </outerBoundaryIs>
        </Polygon>
      </Placemark>
      <Placemark>
        <name>M268｜元区画434</name>
        <description><![CDATA[元区画: 434<br>統合方法: retained_single_cell<br>紙地図の既存境界を保持]]></description>
        <styleUrl>#poly-507FFF-2000-125</styleUrl>
        <Polygon>
          <outerBoundaryIs>
            <LinearRing>
              <tessellate>1</tessellate>
              <coordinates>
                131.037978,31.660802,0
                131.039552,31.65963,0
                131.039552,31.659318,0
                131.03983,31.659317,0
                131.03983,31.658927,0
                131.040293,31.658927,0
                131.040108,31.658615,0
                131.040478,31.658614,0
                131.040849,31.658302,0
                131.040942,31.657677,0
                131.041312,31.657677,0
                131.041683,31.657052,0
                131.042053,31.656896,0
                131.041962,31.656506,0
                131.042147,31.65635,0
                131.042424,31.656427,0
                131.042703,31.655959,0
                131.04298,31.655958,0
                131.043536,31.655334,0
                131.043813,31.655333,0
                131.044184,31.654709,0
                131.044739,31.654474,0
                131.045018,31.653927,0
                131.045295,31.653849,0
                131.045389,31.653303,0
                131.045667,31.653224,0
                131.04576,31.652678,0
                131.046224,31.652053,0
                131.047148,31.651974,0
                131.047328,31.654393,0
                131.048986,31.65759,0
                131.04889,31.659385,0
                131.04926,31.659697,0
                131.049167,31.660009,0
                131.047406,31.661806,0
                131.043147,31.665166,0
                131.042777,31.665322,0
                131.042129,31.665323,0
                131.041668,31.66509,0
                131.040373,31.665247,0
                131.039173,31.664078,0
                131.039174,31.663844,0
                131.040285,31.66275,0
                131.040378,31.662438,0
                131.039825,31.661892,0
                131.039826,31.661424,0
                131.038716,31.661347,0
                131.037978,31.660802,0
              </coordinates>
            </LinearRing>
          </outerBoundaryIs>
        </Polygon>
      </Placemark>
      <Placemark>
        <name>M269｜元区画432 437 438 440</name>
        <description><![CDATA[元区画: 432 437 438 440<br>統合方法: east_rural_multi_cell_integration<br>紙地図の既存境界を保持]]></description>
        <styleUrl>#poly-FFA54E-2000-125</styleUrl>
        <Polygon>
          <outerBoundaryIs>
            <LinearRing>
              <tessellate>1</tessellate>
              <coordinates>
                131.053713,31.652045,0
                131.053992,31.651186,0
                131.056489,31.650481,0
                131.056866,31.646813,0
                131.063249,31.645323,0
                131.063433,31.645713,0
                131.063711,31.645713,0
                131.06371,31.646103,0
                131.063987,31.646181,0
                131.063986,31.646415,0
                131.064356,31.64657,0
                131.064448,31.647038,0
                131.064817,31.647038,0
                131.064724,31.64735,0
                131.065002,31.64735,0
                131.065093,31.64774,0
                131.065556,31.647739,0
                131.065463,31.648052,0
                131.065647,31.648285,0
                131.067772,31.648985,0
                131.067864,31.649219,0
                131.068142,31.649219,0
                131.068233,31.649531,0
                131.068511,31.649531,0
                131.068603,31.649843,0
                131.068972,31.64992,0
                131.068879,31.650155,0
                131.069341,31.650622,0
                131.069432,31.651012,0
                131.069617,31.651012,0
                131.069708,31.651714,0
                131.070077,31.652182,0
                131.070076,31.652728,0
                131.070261,31.652728,0
                131.070718,31.655693,0
                131.071087,31.65577,0
                131.070901,31.656239,0
                131.071177,31.657019,0
                131.071547,31.657252,0
                131.071546,31.657565,0
                131.071916,31.657564,0
                131.07173,31.657954,0
                131.072192,31.658266,0
                131.072284,31.658578,0
                131.072561,31.6585,0
                131.07256,31.65889,0
                131.072838,31.65889,0
                131.07293,31.659202,0
                131.073392,31.659201,0
                131.073576,31.659591,0
                131.074778,31.659824,0
                131.074777,31.65998,0
                131.077643,31.660289,0
                131.076061,31.665519,0
                131.065613,31.665687,0
                131.063117,31.665455,0
                131.059604,31.665459,0
                131.058957,31.665304,0
                131.058495,31.664836,0
                131.057852,31.662964,0
                131.056654,31.660859,0
                131.055638,31.660236,0
                131.053883,31.659692,0
                131.05509,31.657115,0
                131.054076,31.655087,0
                131.055187,31.654696,0
                131.055187,31.654462,0
                131.053713,31.652045,0
              </coordinates>
            </LinearRing>
          </outerBoundaryIs>
        </Polygon>
      </Placemark>
      <Placemark>
        <name>M270｜元区画439</name>
        <description><![CDATA[元区画: 439<br>統合方法: retained_single_cell<br>紙地図の既存境界を保持]]></description>
        <styleUrl>#poly-7AB955-2000-125</styleUrl>
        <Polygon>
          <outerBoundaryIs>
            <LinearRing>
              <tessellate>1</tessellate>
              <coordinates>
                131.046873,31.650726,0
                131.046874,31.65057,0
                131.047151,31.650569,0
                131.047153,31.649789,0
                131.047799,31.650101,0
                131.048261,31.6501,0
                131.048448,31.649163,0
                131.049283,31.647992,0
                131.051315,31.648926,0
                131.054096,31.645099,0
                131.056866,31.646813,0
                131.056489,31.650481,0
                131.053992,31.651186,0
                131.053713,31.65181,0
                131.055187,31.654462,0
                131.055187,31.654696,0
                131.054076,31.655087,0
                131.05509,31.657115,0
                131.053883,31.659692,0
                131.051665,31.658914,0
                131.050278,31.658993,0
                131.049352,31.659775,0
                131.048983,31.659541,0
                131.048986,31.65759,0
                131.047328,31.654393,0
                131.047241,31.652052,0
                131.047149,31.651662,0
                131.046964,31.651662,0
                131.047058,31.650726,0
                131.046873,31.650726,0
              </coordinates>
            </LinearRing>
          </outerBoundaryIs>
        </Polygon>
      </Placemark>
      <Placemark>
        <name>M271｜元区画412 420 424 427</name>
        <description><![CDATA[元区画: 412 420 424 427<br>統合方法: east_rural_multi_cell_integration<br>紙地図の既存境界を保持]]></description>
        <styleUrl>#poly-5599FF-2000-125</styleUrl>
        <Polygon>
          <outerBoundaryIs>
            <LinearRing>
              <tessellate>1</tessellate>
              <coordinates>
                131.139065,31.645081,0
                131.139097,31.628538,0
                131.139375,31.628225,0
                131.139559,31.628615,0
                131.139929,31.628537,0
                131.139929,31.628771,0
                131.14039,31.629161,0
                131.140668,31.62916,0
                131.140667,31.629707,0
                131.141036,31.630018,0
                131.141406,31.630018,0
                131.14159,31.63033,0
                131.142052,31.630407,0
                131.142236,31.630953,0
                131.143715,31.630952,0
                131.143716,31.630639,0
                131.143808,31.630873,0
                131.145103,31.630716,0
                131.145194,31.631028,0
                131.145842,31.630949,0
                131.145841,31.631183,0
                131.14843,31.631336,0
                131.148985,31.631024,0
                131.148986,31.63079,0
                131.15065,31.63071,0
                131.150742,31.6311,0
                131.151019,31.631177,0
                131.151018,31.631646,0
                131.151573,31.631645,0
                131.151849,31.631957,0
                131.151664,31.632425,0
                131.151386,31.632425,0
                131.151386,31.632738,0
                131.151201,31.632738,0
                131.151383,31.634064,0
                131.152399,31.634375,0
                131.153416,31.634374,0
                131.153878,31.63453,0
                131.15397,31.634763,0
                131.15619,31.634683,0
                131.156559,31.634839,0
                131.156742,31.635775,0
                131.156371,31.636477,0
                131.156556,31.636477,0
                131.156555,31.636789,0
                131.156833,31.636789,0
                131.156925,31.637023,0
                131.158404,31.637177,0
                131.15868,31.637567,0
                131.15979,31.637488,0
                131.159975,31.637176,0
                131.161455,31.637252,0
                131.162195,31.636861,0
                131.162288,31.636549,0
                131.162288,31.636705,0
                131.163213,31.636626,0
                131.163305,31.63686,0
                131.163582,31.636859,0
                131.163674,31.637249,0
                131.164228,31.637327,0
                131.164319,31.638107,0
                131.163949,31.638186,0
                131.163855,31.63881,0
                131.164225,31.638809,0
                131.164132,31.6392,0
                131.164408,31.639746,0
                131.164223,31.63998,0
                131.164001,31.65902,0
                131.163978,31.670257,0
                131.164255,31.670568,0
                131.163238,31.670882,0
                131.162406,31.67057,0
                131.162313,31.670805,0
                131.161111,31.670806,0
                131.160371,31.671041,0
                131.158248,31.669249,0
                131.157231,31.669484,0
                131.156861,31.669406,0
                131.156398,31.669797,0
                131.155658,31.669954,0
                131.154919,31.669643,0
                131.154458,31.669175,0
                131.153625,31.669176,0
                131.152609,31.668865,0
                131.15039,31.668789,0
                131.150206,31.668634,0
                131.149281,31.668791,0
                131.147987,31.668402,0
                131.145861,31.668326,0
                131.145213,31.668405,0
                131.144194,31.669499,0
                131.143362,31.6695,0
                131.142992,31.669734,0
                131.142344,31.670203,0
                131.142158,31.670672,0
                131.141233,31.670829,0
                131.140584,31.671766,0
                131.139195,31.672704,0
                131.139065,31.645081,0
              </coordinates>
            </LinearRing>
          </outerBoundaryIs>
        </Polygon>
      </Placemark>
      <Placemark>
        <name>M272｜元区画441 444</name>
        <description><![CDATA[元区画: 441 444<br>統合方法: merged_adjacent_pair<br>紙地図の既存境界を保持]]></description>
        <styleUrl>#poly-507FFF-2000-125</styleUrl>
        <Polygon>
          <outerBoundaryIs>
            <LinearRing>
              <tessellate>1</tessellate>
              <coordinates>
                131.046328,31.64581,0
                131.046424,31.643938,0
                131.046981,31.643001,0
                131.047905,31.643468,0
                131.048274,31.643935,0
                131.048086,31.645262,0
                131.048267,31.647369,0
                131.049283,31.647914,0
                131.048448,31.649163,0
                131.048261,31.6501,0
                131.047799,31.650101,0
                131.047153,31.649789,0
                131.047433,31.648384,0
                131.047156,31.648228,0
                131.047156,31.647916,0
                131.046879,31.647917,0
                131.046788,31.647136,0
                131.046418,31.646981,0
                131.046604,31.646668,0
                131.046328,31.64581,0
              </coordinates>
            </LinearRing>
          </outerBoundaryIs>
        </Polygon>
      </Placemark>
      <Placemark>
        <name>M273｜元区画442</name>
        <description><![CDATA[元区画: 442<br>統合方法: retained_single_cell<br>紙地図の既存境界を保持]]></description>
        <styleUrl>#poly-FFA54E-2000-125</styleUrl>
        <Polygon>
          <outerBoundaryIs>
            <LinearRing>
              <tessellate>1</tessellate>
              <coordinates>
                131.048086,31.645262,0
                131.048273,31.644092,0
                131.048922,31.64331,0
                131.049292,31.64331,0
                131.049753,31.6437,0
                131.050863,31.643698,0
                131.051694,31.644166,0
                131.052989,31.644086,0
                131.053358,31.644476,0
                131.054652,31.644318,0
                131.051315,31.648926,0
                131.048267,31.647369,0
                131.048086,31.645262,0
              </coordinates>
            </LinearRing>
          </outerBoundaryIs>
        </Polygon>
      </Placemark>
      <Placemark>
        <name>M274｜元区画445</name>
        <description><![CDATA[元区画: 445<br>統合方法: retained_single_cell<br>紙地図の既存境界を保持]]></description>
        <styleUrl>#poly-7AB955-2000-125</styleUrl>
        <Polygon>
          <outerBoundaryIs>
            <LinearRing>
              <tessellate>1</tessellate>
              <coordinates>
                131.058346,31.646499,0
                131.058724,31.642519,0
                131.058356,31.641427,0
                131.059283,31.640412,0
                131.059283,31.640568,0
                131.059745,31.640645,0
                131.060022,31.640957,0
                131.060391,31.640956,0
                131.060944,31.642048,0
                131.061406,31.64236,0
                131.061589,31.642984,0
                131.061867,31.642984,0
                131.061774,31.643218,0
                131.062051,31.643296,0
                131.061958,31.64353,0
                131.062235,31.643607,0
                131.062235,31.64392,0
                131.06242,31.643919,0
                131.062696,31.644543,0
                131.062973,31.644465,0
                131.062972,31.645011,0
                131.063249,31.645323,0
                131.058346,31.646499,0
              </coordinates>
            </LinearRing>
          </outerBoundaryIs>
        </Polygon>
      </Placemark>
      <Placemark>
        <name>M275｜元区画443</name>
        <description><![CDATA[元区画: 443<br>統合方法: retained_single_cell<br>紙地図の既存境界を保持]]></description>
        <styleUrl>#poly-5599FF-2000-125</styleUrl>
        <Polygon>
          <outerBoundaryIs>
            <LinearRing>
              <tessellate>1</tessellate>
              <coordinates>
                131.053273,31.640496,0
                131.053274,31.640262,0
                131.056232,31.640259,0
                131.058356,31.641427,0
                131.058724,31.642519,0
                131.058723,31.643299,0
                131.058346,31.646499,0
                131.056774,31.646813,0
                131.054189,31.645099,0
                131.054745,31.644084,0
                131.053273,31.640496,0
              </coordinates>
            </LinearRing>
          </outerBoundaryIs>
        </Polygon>
      </Placemark>
      <Placemark>
        <name>M276｜元区画423</name>
        <description><![CDATA[元区画: 423<br>統合方法: retained_single_cell<br>紙地図の既存境界を保持]]></description>
        <styleUrl>#poly-507FFF-2000-125</styleUrl>
        <Polygon>
          <outerBoundaryIs>
            <LinearRing>
              <tessellate>1</tessellate>
              <coordinates>
                131.163978,31.670257,0
                131.164223,31.63998,0
                131.164779,31.639511,0
                131.165519,31.639354,0
                131.165519,31.63912,0
                131.165981,31.63912,0
                131.166167,31.638885,0
                131.167277,31.638494,0
                131.16737,31.63826,0
                131.168666,31.637556,0
                131.169316,31.635838,0
                131.169594,31.635838,0
                131.170057,31.635213,0
                131.169965,31.634901,0
                131.169595,31.63498,0
                131.169597,31.634043,0
                131.169875,31.633809,0
                131.170892,31.63373,0
                131.171448,31.633261,0
                131.17228,31.633416,0
                131.172927,31.633259,0
                131.174038,31.632634,0
                131.174685,31.632633,0
                131.174871,31.632243,0
                131.175333,31.632242,0
                131.175334,31.632008,0
                131.176259,31.631617,0
                131.177091,31.631538,0
                131.177184,31.631304,0
                131.177554,31.631381,0
                131.177924,31.631069,0
                131.177925,31.630757,0
                131.178202,31.630834,0
                131.178665,31.630444,0
                131.178206,31.628571,0
                131.178484,31.628337,0
                131.178486,31.627635,0
                131.178763,31.627634,0
                131.179412,31.626931,0
                131.180707,31.62654,0
                131.1808,31.626306,0
                131.180984,31.626461,0
                131.182186,31.62646,0
                131.182187,31.626226,0
                131.182279,31.626382,0
                131.182926,31.626381,0
                131.183574,31.626068,0
                131.183667,31.625756,0
                131.184222,31.625833,0
                131.185609,31.625598,0
                131.187089,31.62505,0
                131.188291,31.625048,0
                131.188201,31.62419,0
                131.188385,31.62419,0
                131.188479,31.6238,0
                131.188849,31.623487,0
                131.188851,31.622707,0
                131.189683,31.622394,0
                131.189684,31.622004,0
                131.190146,31.622003,0
                131.190424,31.621769,0
                131.190332,31.621535,0
                131.190795,31.621534,0
                131.190795,31.6213,0
                131.191257,31.621456,0
                131.19172,31.621299,0
                131.193291,31.621297,0
                131.193292,31.620829,0
                131.194033,31.620282,0
                131.194678,31.621608,0
                131.194585,31.621842,0
                131.195047,31.621998,0
                131.195046,31.622388,0
                131.195692,31.622855,0
                131.195967,31.624181,0
                131.196244,31.624259,0
                131.196151,31.624649,0
                131.195874,31.62465,0
                131.195686,31.626054,0
                131.19587,31.626288,0
                131.196148,31.626288,0
                131.196147,31.626522,0
                131.196887,31.626677,0
                131.197254,31.628003,0
                131.197531,31.628159,0
                131.197438,31.628471,0
                131.197805,31.629642,0
                131.197527,31.630188,0
                131.197619,31.630578,0
                131.197341,31.630578,0
                131.19734,31.630969,0
                131.197618,31.631046,0
                131.197248,31.631047,0
                131.197246,31.631905,0
                131.197616,31.631983,0
                131.197707,31.632607,0
                131.197522,31.632607,0
                131.197522,31.632919,0
                131.198721,31.63401,0
                131.19983,31.634321,0
                131.19983,31.634477,0
                131.201124,31.634554,0
                131.201217,31.634398,0
                131.201309,31.634632,0
                131.201864,31.634631,0
                131.202048,31.634943,0
                131.202418,31.63502,0
                131.20269,31.637517,0
                131.202227,31.63783,0
                131.202041,31.638298,0
                131.201579,31.638299,0
                131.201579,31.638533,0
                131.201301,31.638533,0
                131.200467,31.639627,0
                131.199912,31.639705,0
                131.2,31.641812,0
                131.199259,31.642749,0
                131.199073,31.643374,0
                131.198795,31.643374,0
                131.198147,31.643921,0
                131.198239,31.644233,0
                131.197776,31.64439,0
                131.197405,31.644936,0
                131.196018,31.64525,0
                131.192875,31.645175,0
                131.192781,31.645488,0
                131.191857,31.645411,0
                131.191025,31.645568,0
                131.191209,31.64588,0
                131.190839,31.64588,0
                131.190931,31.646114,0
                131.190746,31.646192,0
                131.189082,31.646272,0
                131.188248,31.646819,0
                131.187324,31.646977,0
                131.18723,31.647367,0
                131.186861,31.647211,0
                131.186398,31.647602,0
                131.186305,31.647914,0
                131.185379,31.648617,0
                131.184915,31.649476,0
                131.184637,31.649555,0
                131.184451,31.650101,0
                131.184081,31.650492,0
                131.183711,31.65057,0
                131.183432,31.651195,0
                131.182507,31.651274,0
                131.182137,31.651508,0
                131.181582,31.651509,0
                131.181398,31.651275,0
                131.18075,31.651432,0
                131.181024,31.65346,0
                131.181208,31.653538,0
                131.181023,31.653616,0
                131.181022,31.654319,0
                131.181207,31.654475,0
                131.180929,31.654553,0
                131.180373,31.65549,0
                131.180278,31.656738,0
                131.179815,31.656973,0
                131.179722,31.657363,0
                131.179259,31.65752,0
                131.179166,31.65791,0
                131.17861,31.658379,0
                131.178148,31.65838,0
                131.177685,31.658536,0
                131.177685,31.658692,0
                131.176853,31.658849,0
                131.176482,31.65924,0
                131.176205,31.659162,0
                131.176019,31.659631,0
                131.175649,31.659631,0
                131.175556,31.659943,0
                131.174908,31.66049,0
                131.175,31.660724,0
                131.174722,31.660802,0
                131.174627,31.662129,0
                131.174257,31.66213,0
                131.174164,31.662442,0
                131.173702,31.662286,0
                131.172962,31.662677,0
                131.172869,31.662911,0
                131.172591,31.662912,0
                131.172498,31.663224,0
                131.172036,31.663381,0
                131.171943,31.663693,0
                131.171295,31.664006,0
                131.171202,31.664318,0
                131.170832,31.664318,0
                131.170831,31.66463,0
                131.170554,31.664631,0
                131.170461,31.664943,0
                131.170461,31.665177,0
                131.170645,31.665177,0
                131.17046,31.665255,0
                131.17055,31.666894,0
                131.170087,31.667128,0
                131.170086,31.66744,0
                131.169809,31.667363,0
                131.169439,31.667597,0
                131.169531,31.667909,0
                131.169253,31.668066,0
                131.169252,31.668378,0
                131.169437,31.668534,0
                131.169159,31.669002,0
                131.168511,31.669315,0
                131.167956,31.66916,0
                131.167678,31.669394,0
                131.166476,31.669551,0
                131.166013,31.669942,0
                131.165274,31.669943,0
                131.165181,31.670099,0
                131.164256,31.670256,0
                131.164256,31.670412,0
                131.163978,31.670257,0
              </coordinates>
            </LinearRing>
          </outerBoundaryIs>
        </Polygon>
      </Placemark>
      <Placemark>
        <name>M277｜元区画446</name>
        <description><![CDATA[元区画: 446<br>統合方法: retained_single_cell<br>紙地図の既存境界を保持]]></description>
        <styleUrl>#poly-FFA54E-2000-125</styleUrl>
        <Polygon>
          <outerBoundaryIs>
            <LinearRing>
              <tessellate>1</tessellate>
              <coordinates>
                131.101898,31.644343,0
                131.10227,31.643484,0
                131.102639,31.643483,0
                131.103197,31.642234,0
                131.103474,31.642234,0
                131.103474,31.642,0
                131.103752,31.642,0
                131.103937,31.641687,0
                131.104491,31.642077,0
                131.105139,31.64192,0
                131.105232,31.641374,0
                131.105509,31.641607,0
                131.10551,31.641373,0
                131.10588,31.641373,0
                131.106158,31.64106,0
                131.106158,31.64067,0
                131.106621,31.640514,0
                131.106715,31.639733,0
                131.10727,31.639577,0
                131.112164,31.643004,0
                131.104484,31.645978,0
                131.102268,31.64442,0
                131.101898,31.644343,0
              </coordinates>
            </LinearRing>
          </outerBoundaryIs>
        </Polygon>
      </Placemark>
      <Placemark>
        <name>M278｜元区画447 448</name>
        <description><![CDATA[元区画: 447 448<br>統合方法: merged_adjacent_pair<br>紙地図の既存境界を保持]]></description>
        <styleUrl>#poly-7AB955-2000-125</styleUrl>
        <Polygon>
          <outerBoundaryIs>
            <LinearRing>
              <tessellate>1</tessellate>
              <coordinates>
                131.046796,31.642845,0
                131.047259,31.642454,0
                131.047168,31.642142,0
                131.047816,31.641751,0
                131.047724,31.641439,0
                131.048094,31.641439,0
                131.048464,31.641048,0
                131.048372,31.640736,0
                131.048927,31.640657,0
                131.049113,31.640111,0
                131.04939,31.640267,0
                131.049761,31.639954,0
                131.049762,31.639486,0
                131.050132,31.639486,0
                131.050225,31.638939,0
                131.050596,31.638549,0
                131.050873,31.638548,0
                131.050873,31.638314,0
                131.051243,31.638314,0
                131.051336,31.638002,0
                131.051706,31.638001,0
                131.051707,31.637689,0
                131.052262,31.63761,0
                131.054745,31.64424,0
                131.053358,31.644476,0
                131.052989,31.644086,0
                131.051694,31.644166,0
                131.050863,31.643698,0
                131.049753,31.6437,0
                131.049292,31.64331,0
                131.048922,31.64331,0
                131.048273,31.644092,0
                131.047905,31.643468,0
                131.046796,31.642845,0
              </coordinates>
            </LinearRing>
          </outerBoundaryIs>
        </Polygon>
      </Placemark>
      <Placemark>
        <name>M279｜元区画449</name>
        <description><![CDATA[元区画: 449<br>統合方法: retained_single_cell<br>紙地図の既存境界を保持]]></description>
        <styleUrl>#poly-5599FF-2000-125</styleUrl>
        <Polygon>
          <outerBoundaryIs>
            <LinearRing>
              <tessellate>1</tessellate>
              <coordinates>
                131.107271,31.638952,0
                131.107828,31.637859,0
                131.10792,31.638015,0
                131.10866,31.638092,0
                131.108752,31.638326,0
                131.109122,31.638326,0
                131.109121,31.63856,0
                131.109399,31.63856,0
                131.109399,31.638326,0
                131.109769,31.638325,0
                131.110047,31.637857,0
                131.110325,31.637778,0
                131.110418,31.637154,0
                131.110974,31.636919,0
                131.110974,31.636685,0
                131.112176,31.636762,0
                131.112164,31.643004,0
                131.107639,31.639888,0
                131.107455,31.639732,0
                131.107548,31.639264,0
                131.107271,31.638952,0
              </coordinates>
            </LinearRing>
          </outerBoundaryIs>
        </Polygon>
      </Placemark>
      <Placemark>
        <name>M280｜元区画450</name>
        <description><![CDATA[元区画: 450<br>統合方法: retained_single_cell<br>紙地図の既存境界を保持]]></description>
        <styleUrl>#poly-507FFF-2000-125</styleUrl>
        <Polygon>
          <outerBoundaryIs>
            <LinearRing>
              <tessellate>1</tessellate>
              <coordinates>
                131.052169,31.63761,0
                131.056052,31.637762,0
                131.056052,31.637918,0
                131.057068,31.638307,0
                131.057808,31.638306,0
                131.057992,31.638852,0
                131.058822,31.639554,0
                131.059006,31.640178,0
                131.059376,31.640177,0
                131.059376,31.640333,0
                131.058913,31.640646,0
                131.058541,31.641349,0
                131.058264,31.641427,0
                131.056232,31.640259,0
                131.053181,31.640262,0
                131.052169,31.63761,0
              </coordinates>
            </LinearRing>
          </outerBoundaryIs>
        </Polygon>
      </Placemark>
    </Folder>
    <Folder>
      <name>無題のレイヤ</name>
    </Folder>
  </Document>
</kml>
